// Validating benchmarks:
// ***** BenchmarkRunner: Start   *****
// ***** Found 12 benchmark(s) in total *****
// ***** Building 1 exe(s) in Parallel: Start   *****
// start dotnet  restore /p:UseSharedCompilation=false /p:BuildInParallel=false /m:1 /p:Deterministic=true /p:Optimize=true /p:IntermediateOutputPath="C:\HoGent24-25\Bachelorproef\PoC\Bachelorproef\WebshopBachelorproef\Webshop.Backend.Benchmarks\bin\Release\net8.0\cfba9484-ccb7-4999-96b3-5ec370821695\obj\Release\net8.0/" /p:OutDir="C:\HoGent24-25\Bachelorproef\PoC\Bachelorproef\WebshopBachelorproef\Webshop.Backend.Benchmarks\bin\Release\net8.0\cfba9484-ccb7-4999-96b3-5ec370821695\bin\Release\net8.0/" /p:OutputPath="C:\HoGent24-25\Bachelorproef\PoC\Bachelorproef\WebshopBachelorproef\Webshop.Backend.Benchmarks\bin\Release\net8.0\cfba9484-ccb7-4999-96b3-5ec370821695\bin\Release\net8.0/" in C:\HoGent24-25\Bachelorproef\PoC\Bachelorproef\WebshopBachelorproef\Webshop.Backend.Benchmarks\bin\Release\net8.0\cfba9484-ccb7-4999-96b3-5ec370821695
// command took 1.18 sec and exited with 0
// start dotnet  build -c Release --no-restore /p:UseSharedCompilation=false /p:BuildInParallel=false /m:1 /p:Deterministic=true /p:Optimize=true /p:IntermediateOutputPath="C:\HoGent24-25\Bachelorproef\PoC\Bachelorproef\WebshopBachelorproef\Webshop.Backend.Benchmarks\bin\Release\net8.0\cfba9484-ccb7-4999-96b3-5ec370821695\obj\Release\net8.0/" /p:OutDir="C:\HoGent24-25\Bachelorproef\PoC\Bachelorproef\WebshopBachelorproef\Webshop.Backend.Benchmarks\bin\Release\net8.0\cfba9484-ccb7-4999-96b3-5ec370821695\bin\Release\net8.0/" /p:OutputPath="C:\HoGent24-25\Bachelorproef\PoC\Bachelorproef\WebshopBachelorproef\Webshop.Backend.Benchmarks\bin\Release\net8.0\cfba9484-ccb7-4999-96b3-5ec370821695\bin\Release\net8.0/" --output "C:\HoGent24-25\Bachelorproef\PoC\Bachelorproef\WebshopBachelorproef\Webshop.Backend.Benchmarks\bin\Release\net8.0\cfba9484-ccb7-4999-96b3-5ec370821695\bin\Release\net8.0/" in C:\HoGent24-25\Bachelorproef\PoC\Bachelorproef\WebshopBachelorproef\Webshop.Backend.Benchmarks\bin\Release\net8.0\cfba9484-ccb7-4999-96b3-5ec370821695
// command took 7.65 sec and exited with 0
// ***** Done, took 00:00:08 (8.9 sec)   *****
// Found 12 benchmarks:
//   PriceBenchmark.'REST CalculatePrice': DefaultJob [ConcurrentRequests=50]
//   PriceBenchmark.'GraphQL CalculatePrice': DefaultJob [ConcurrentRequests=50]
//   PriceBenchmark.'SignalR CalculatePrice': DefaultJob [ConcurrentRequests=50]
//   PriceBenchmark.'WebSocket CalculatePrice': DefaultJob [ConcurrentRequests=50]
//   PriceBenchmark.'REST CalculatePrice': DefaultJob [ConcurrentRequests=100]
//   PriceBenchmark.'GraphQL CalculatePrice': DefaultJob [ConcurrentRequests=100]
//   PriceBenchmark.'SignalR CalculatePrice': DefaultJob [ConcurrentRequests=100]
//   PriceBenchmark.'WebSocket CalculatePrice': DefaultJob [ConcurrentRequests=100]
//   PriceBenchmark.'REST CalculatePrice': DefaultJob [ConcurrentRequests=200]
//   PriceBenchmark.'GraphQL CalculatePrice': DefaultJob [ConcurrentRequests=200]
//   PriceBenchmark.'SignalR CalculatePrice': DefaultJob [ConcurrentRequests=200]
//   PriceBenchmark.'WebSocket CalculatePrice': DefaultJob [ConcurrentRequests=200]

Setup power plan (GUID: 8c5e7fda-e8bf-4a96-9a85-a6e23a8c635c FriendlyName: Hoge prestaties)
// **************************
// Benchmark: PriceBenchmark.'REST CalculatePrice': DefaultJob [ConcurrentRequests=50]
// *** Execute ***
// Launch: 1 / 1
// Execute: dotnet cfba9484-ccb7-4999-96b3-5ec370821695.dll --anonymousPipes 1304 2520 --benchmarkName "Webshop.Backend.Benchmarks.Price.PriceBenchmark.Rest_CalculatePrice(ConcurrentRequests: 50)" --job Default --benchmarkId 0 in C:\HoGent24-25\Bachelorproef\PoC\Bachelorproef\WebshopBachelorproef\Webshop.Backend.Benchmarks\bin\Release\net8.0\cfba9484-ccb7-4999-96b3-5ec370821695\bin\Release\net8.0
// BeforeAnythingElse

// Benchmark Process Environment Information:
// BenchmarkDotNet v0.14.0
// Runtime=.NET 8.0.8 (8.0.824.36612), X64 RyuJIT AVX2
// GC=Concurrent Workstation
// HardwareIntrinsics=AVX2,AES,BMI1,BMI2,FMA,LZCNT,PCLMUL,POPCNT,AvxVnni,SERIALIZE VectorSize=256
// Job: DefaultJob

OverheadJitting  1: 1 op, 175500.00 ns, 175.5000 us/op
WorkloadJitting  1: 1 op, 54022700.00 ns, 54.0227 ms/op

WorkloadPilot    1: 2 op, 5236100.00 ns, 2.6181 ms/op
WorkloadPilot    2: 3 op, 8365900.00 ns, 2.7886 ms/op
WorkloadPilot    3: 4 op, 8766100.00 ns, 2.1915 ms/op
WorkloadPilot    4: 5 op, 10878200.00 ns, 2.1756 ms/op
WorkloadPilot    5: 6 op, 13395800.00 ns, 2.2326 ms/op
WorkloadPilot    6: 7 op, 16424700.00 ns, 2.3464 ms/op
WorkloadPilot    7: 8 op, 17596100.00 ns, 2.1995 ms/op
WorkloadPilot    8: 9 op, 19927100.00 ns, 2.2141 ms/op
WorkloadPilot    9: 10 op, 21335500.00 ns, 2.1336 ms/op
WorkloadPilot   10: 11 op, 24149100.00 ns, 2.1954 ms/op
WorkloadPilot   11: 12 op, 26436800.00 ns, 2.2031 ms/op
WorkloadPilot   12: 13 op, 32329400.00 ns, 2.4869 ms/op
WorkloadPilot   13: 14 op, 32506300.00 ns, 2.3219 ms/op
WorkloadPilot   14: 15 op, 34442400.00 ns, 2.2962 ms/op
WorkloadPilot   15: 16 op, 36274500.00 ns, 2.2672 ms/op
WorkloadPilot   16: 32 op, 70293800.00 ns, 2.1967 ms/op
WorkloadPilot   17: 64 op, 143491500.00 ns, 2.2421 ms/op
WorkloadPilot   18: 128 op, 291477900.00 ns, 2.2772 ms/op
WorkloadPilot   19: 256 op, 539520600.00 ns, 2.1075 ms/op

WorkloadWarmup   1: 256 op, 377141700.00 ns, 1.4732 ms/op
WorkloadWarmup   2: 256 op, 350614600.00 ns, 1.3696 ms/op
WorkloadWarmup   3: 256 op, 229047500.00 ns, 894.7168 us/op
WorkloadWarmup   4: 256 op, 229255800.00 ns, 895.5305 us/op
WorkloadWarmup   5: 256 op, 223870700.00 ns, 874.4949 us/op
WorkloadWarmup   6: 256 op, 226010600.00 ns, 882.8539 us/op
WorkloadWarmup   7: 256 op, 242025400.00 ns, 945.4117 us/op
WorkloadWarmup   8: 256 op, 225806700.00 ns, 882.0574 us/op

// BeforeActualRun
WorkloadActual   1: 256 op, 225449400.00 ns, 880.6617 us/op
WorkloadActual   2: 256 op, 227077600.00 ns, 887.0219 us/op
WorkloadActual   3: 256 op, 227368500.00 ns, 888.1582 us/op
WorkloadActual   4: 256 op, 224142900.00 ns, 875.5582 us/op
WorkloadActual   5: 256 op, 241581900.00 ns, 943.6793 us/op
WorkloadActual   6: 256 op, 244277700.00 ns, 954.2098 us/op
WorkloadActual   7: 256 op, 229499400.00 ns, 896.4820 us/op
WorkloadActual   8: 256 op, 225916200.00 ns, 882.4852 us/op
WorkloadActual   9: 256 op, 223970100.00 ns, 874.8832 us/op
WorkloadActual  10: 256 op, 223051800.00 ns, 871.2961 us/op
WorkloadActual  11: 256 op, 223247800.00 ns, 872.0617 us/op
WorkloadActual  12: 256 op, 225038600.00 ns, 879.0570 us/op
WorkloadActual  13: 256 op, 232865600.00 ns, 909.6313 us/op
WorkloadActual  14: 256 op, 241277600.00 ns, 942.4906 us/op
WorkloadActual  15: 256 op, 247518700.00 ns, 966.8699 us/op
WorkloadActual  16: 256 op, 224784800.00 ns, 878.0656 us/op
WorkloadActual  17: 256 op, 246412600.00 ns, 962.5492 us/op
WorkloadActual  18: 256 op, 316933800.00 ns, 1.2380 ms/op
WorkloadActual  19: 256 op, 312570500.00 ns, 1.2210 ms/op
WorkloadActual  20: 256 op, 325913700.00 ns, 1.2731 ms/op
WorkloadActual  21: 256 op, 316277900.00 ns, 1.2355 ms/op
WorkloadActual  22: 256 op, 312658200.00 ns, 1.2213 ms/op
WorkloadActual  23: 256 op, 319175000.00 ns, 1.2468 ms/op
WorkloadActual  24: 256 op, 313069400.00 ns, 1.2229 ms/op
WorkloadActual  25: 256 op, 331105700.00 ns, 1.2934 ms/op
WorkloadActual  26: 256 op, 317480500.00 ns, 1.2402 ms/op
WorkloadActual  27: 256 op, 309611100.00 ns, 1.2094 ms/op
WorkloadActual  28: 256 op, 315737700.00 ns, 1.2334 ms/op
WorkloadActual  29: 256 op, 313892600.00 ns, 1.2261 ms/op
WorkloadActual  30: 256 op, 313049300.00 ns, 1.2228 ms/op
WorkloadActual  31: 256 op, 305109400.00 ns, 1.1918 ms/op
WorkloadActual  32: 256 op, 314493000.00 ns, 1.2285 ms/op
WorkloadActual  33: 256 op, 315558200.00 ns, 1.2326 ms/op
WorkloadActual  34: 256 op, 319131100.00 ns, 1.2466 ms/op
WorkloadActual  35: 256 op, 320409600.00 ns, 1.2516 ms/op
WorkloadActual  36: 256 op, 326332900.00 ns, 1.2747 ms/op
WorkloadActual  37: 256 op, 333543300.00 ns, 1.3029 ms/op
WorkloadActual  38: 256 op, 313598800.00 ns, 1.2250 ms/op
WorkloadActual  39: 256 op, 332291400.00 ns, 1.2980 ms/op
WorkloadActual  40: 256 op, 325677000.00 ns, 1.2722 ms/op
WorkloadActual  41: 256 op, 321472600.00 ns, 1.2558 ms/op
WorkloadActual  42: 256 op, 325323700.00 ns, 1.2708 ms/op
WorkloadActual  43: 256 op, 321518800.00 ns, 1.2559 ms/op
WorkloadActual  44: 256 op, 318138700.00 ns, 1.2427 ms/op
WorkloadActual  45: 256 op, 315260800.00 ns, 1.2315 ms/op
WorkloadActual  46: 256 op, 304686800.00 ns, 1.1902 ms/op
WorkloadActual  47: 256 op, 311581300.00 ns, 1.2171 ms/op
WorkloadActual  48: 256 op, 438499800.00 ns, 1.7129 ms/op
WorkloadActual  49: 256 op, 330629300.00 ns, 1.2915 ms/op
WorkloadActual  50: 256 op, 329626900.00 ns, 1.2876 ms/op
WorkloadActual  51: 256 op, 313870300.00 ns, 1.2261 ms/op
WorkloadActual  52: 256 op, 332928300.00 ns, 1.3005 ms/op
WorkloadActual  53: 256 op, 314112600.00 ns, 1.2270 ms/op
WorkloadActual  54: 256 op, 310905700.00 ns, 1.2145 ms/op
WorkloadActual  55: 256 op, 315690200.00 ns, 1.2332 ms/op
WorkloadActual  56: 256 op, 320344500.00 ns, 1.2513 ms/op
WorkloadActual  57: 256 op, 328065000.00 ns, 1.2815 ms/op
WorkloadActual  58: 256 op, 318074500.00 ns, 1.2425 ms/op
WorkloadActual  59: 256 op, 314326800.00 ns, 1.2278 ms/op
WorkloadActual  60: 256 op, 321221000.00 ns, 1.2548 ms/op
WorkloadActual  61: 256 op, 318937800.00 ns, 1.2459 ms/op
WorkloadActual  62: 256 op, 329246500.00 ns, 1.2861 ms/op
WorkloadActual  63: 256 op, 317453100.00 ns, 1.2401 ms/op
WorkloadActual  64: 256 op, 316787200.00 ns, 1.2375 ms/op
WorkloadActual  65: 256 op, 316160900.00 ns, 1.2350 ms/op
WorkloadActual  66: 256 op, 325909500.00 ns, 1.2731 ms/op
WorkloadActual  67: 256 op, 308610800.00 ns, 1.2055 ms/op
WorkloadActual  68: 256 op, 321937300.00 ns, 1.2576 ms/op
WorkloadActual  69: 256 op, 337514400.00 ns, 1.3184 ms/op
WorkloadActual  70: 256 op, 327403700.00 ns, 1.2789 ms/op
WorkloadActual  71: 256 op, 304116400.00 ns, 1.1880 ms/op
WorkloadActual  72: 256 op, 326448300.00 ns, 1.2752 ms/op
WorkloadActual  73: 256 op, 314374900.00 ns, 1.2280 ms/op
WorkloadActual  74: 256 op, 342436100.00 ns, 1.3376 ms/op
WorkloadActual  75: 256 op, 319503900.00 ns, 1.2481 ms/op
WorkloadActual  76: 256 op, 301531700.00 ns, 1.1779 ms/op
WorkloadActual  77: 256 op, 313648200.00 ns, 1.2252 ms/op
WorkloadActual  78: 256 op, 367383200.00 ns, 1.4351 ms/op
WorkloadActual  79: 256 op, 322677100.00 ns, 1.2605 ms/op
WorkloadActual  80: 256 op, 331264300.00 ns, 1.2940 ms/op
WorkloadActual  81: 256 op, 328828500.00 ns, 1.2845 ms/op
WorkloadActual  82: 256 op, 319449100.00 ns, 1.2478 ms/op
WorkloadActual  83: 256 op, 314340500.00 ns, 1.2279 ms/op
WorkloadActual  84: 256 op, 340376800.00 ns, 1.3296 ms/op
WorkloadActual  85: 256 op, 316160200.00 ns, 1.2350 ms/op
WorkloadActual  86: 256 op, 325468200.00 ns, 1.2714 ms/op
WorkloadActual  87: 256 op, 334984500.00 ns, 1.3085 ms/op
WorkloadActual  88: 256 op, 328404100.00 ns, 1.2828 ms/op
WorkloadActual  89: 256 op, 323827400.00 ns, 1.2650 ms/op
WorkloadActual  90: 256 op, 316417300.00 ns, 1.2360 ms/op
WorkloadActual  91: 256 op, 328670400.00 ns, 1.2839 ms/op
WorkloadActual  92: 256 op, 323032900.00 ns, 1.2618 ms/op
WorkloadActual  93: 256 op, 337876100.00 ns, 1.3198 ms/op
WorkloadActual  94: 256 op, 329176400.00 ns, 1.2858 ms/op
WorkloadActual  95: 256 op, 318959800.00 ns, 1.2459 ms/op
WorkloadActual  96: 256 op, 307352800.00 ns, 1.2006 ms/op
WorkloadActual  97: 256 op, 302536700.00 ns, 1.1818 ms/op
WorkloadActual  98: 256 op, 318122900.00 ns, 1.2427 ms/op
WorkloadActual  99: 256 op, 310220800.00 ns, 1.2118 ms/op
WorkloadActual  100: 256 op, 320449800.00 ns, 1.2518 ms/op

// AfterActualRun
WorkloadResult   1: 256 op, 225449400.00 ns, 880.6617 us/op
WorkloadResult   2: 256 op, 227077600.00 ns, 887.0219 us/op
WorkloadResult   3: 256 op, 227368500.00 ns, 888.1582 us/op
WorkloadResult   4: 256 op, 224142900.00 ns, 875.5582 us/op
WorkloadResult   5: 256 op, 241581900.00 ns, 943.6793 us/op
WorkloadResult   6: 256 op, 244277700.00 ns, 954.2098 us/op
WorkloadResult   7: 256 op, 229499400.00 ns, 896.4820 us/op
WorkloadResult   8: 256 op, 225916200.00 ns, 882.4852 us/op
WorkloadResult   9: 256 op, 223970100.00 ns, 874.8832 us/op
WorkloadResult  10: 256 op, 223051800.00 ns, 871.2961 us/op
WorkloadResult  11: 256 op, 223247800.00 ns, 872.0617 us/op
WorkloadResult  12: 256 op, 225038600.00 ns, 879.0570 us/op
WorkloadResult  13: 256 op, 232865600.00 ns, 909.6313 us/op
WorkloadResult  14: 256 op, 241277600.00 ns, 942.4906 us/op
WorkloadResult  15: 256 op, 247518700.00 ns, 966.8699 us/op
WorkloadResult  16: 256 op, 224784800.00 ns, 878.0656 us/op
WorkloadResult  17: 256 op, 246412600.00 ns, 962.5492 us/op
WorkloadResult  18: 256 op, 316933800.00 ns, 1.2380 ms/op
WorkloadResult  19: 256 op, 312570500.00 ns, 1.2210 ms/op
WorkloadResult  20: 256 op, 325913700.00 ns, 1.2731 ms/op
WorkloadResult  21: 256 op, 316277900.00 ns, 1.2355 ms/op
WorkloadResult  22: 256 op, 312658200.00 ns, 1.2213 ms/op
WorkloadResult  23: 256 op, 319175000.00 ns, 1.2468 ms/op
WorkloadResult  24: 256 op, 313069400.00 ns, 1.2229 ms/op
WorkloadResult  25: 256 op, 331105700.00 ns, 1.2934 ms/op
WorkloadResult  26: 256 op, 317480500.00 ns, 1.2402 ms/op
WorkloadResult  27: 256 op, 309611100.00 ns, 1.2094 ms/op
WorkloadResult  28: 256 op, 315737700.00 ns, 1.2334 ms/op
WorkloadResult  29: 256 op, 313892600.00 ns, 1.2261 ms/op
WorkloadResult  30: 256 op, 313049300.00 ns, 1.2228 ms/op
WorkloadResult  31: 256 op, 305109400.00 ns, 1.1918 ms/op
WorkloadResult  32: 256 op, 314493000.00 ns, 1.2285 ms/op
WorkloadResult  33: 256 op, 315558200.00 ns, 1.2326 ms/op
WorkloadResult  34: 256 op, 319131100.00 ns, 1.2466 ms/op
WorkloadResult  35: 256 op, 320409600.00 ns, 1.2516 ms/op
WorkloadResult  36: 256 op, 326332900.00 ns, 1.2747 ms/op
WorkloadResult  37: 256 op, 333543300.00 ns, 1.3029 ms/op
WorkloadResult  38: 256 op, 313598800.00 ns, 1.2250 ms/op
WorkloadResult  39: 256 op, 332291400.00 ns, 1.2980 ms/op
WorkloadResult  40: 256 op, 325677000.00 ns, 1.2722 ms/op
WorkloadResult  41: 256 op, 321472600.00 ns, 1.2558 ms/op
WorkloadResult  42: 256 op, 325323700.00 ns, 1.2708 ms/op
WorkloadResult  43: 256 op, 321518800.00 ns, 1.2559 ms/op
WorkloadResult  44: 256 op, 318138700.00 ns, 1.2427 ms/op
WorkloadResult  45: 256 op, 315260800.00 ns, 1.2315 ms/op
WorkloadResult  46: 256 op, 304686800.00 ns, 1.1902 ms/op
WorkloadResult  47: 256 op, 311581300.00 ns, 1.2171 ms/op
WorkloadResult  48: 256 op, 330629300.00 ns, 1.2915 ms/op
WorkloadResult  49: 256 op, 329626900.00 ns, 1.2876 ms/op
WorkloadResult  50: 256 op, 313870300.00 ns, 1.2261 ms/op
WorkloadResult  51: 256 op, 332928300.00 ns, 1.3005 ms/op
WorkloadResult  52: 256 op, 314112600.00 ns, 1.2270 ms/op
WorkloadResult  53: 256 op, 310905700.00 ns, 1.2145 ms/op
WorkloadResult  54: 256 op, 315690200.00 ns, 1.2332 ms/op
WorkloadResult  55: 256 op, 320344500.00 ns, 1.2513 ms/op
WorkloadResult  56: 256 op, 328065000.00 ns, 1.2815 ms/op
WorkloadResult  57: 256 op, 318074500.00 ns, 1.2425 ms/op
WorkloadResult  58: 256 op, 314326800.00 ns, 1.2278 ms/op
WorkloadResult  59: 256 op, 321221000.00 ns, 1.2548 ms/op
WorkloadResult  60: 256 op, 318937800.00 ns, 1.2459 ms/op
WorkloadResult  61: 256 op, 329246500.00 ns, 1.2861 ms/op
WorkloadResult  62: 256 op, 317453100.00 ns, 1.2401 ms/op
WorkloadResult  63: 256 op, 316787200.00 ns, 1.2375 ms/op
WorkloadResult  64: 256 op, 316160900.00 ns, 1.2350 ms/op
WorkloadResult  65: 256 op, 325909500.00 ns, 1.2731 ms/op
WorkloadResult  66: 256 op, 308610800.00 ns, 1.2055 ms/op
WorkloadResult  67: 256 op, 321937300.00 ns, 1.2576 ms/op
WorkloadResult  68: 256 op, 337514400.00 ns, 1.3184 ms/op
WorkloadResult  69: 256 op, 327403700.00 ns, 1.2789 ms/op
WorkloadResult  70: 256 op, 304116400.00 ns, 1.1880 ms/op
WorkloadResult  71: 256 op, 326448300.00 ns, 1.2752 ms/op
WorkloadResult  72: 256 op, 314374900.00 ns, 1.2280 ms/op
WorkloadResult  73: 256 op, 342436100.00 ns, 1.3376 ms/op
WorkloadResult  74: 256 op, 319503900.00 ns, 1.2481 ms/op
WorkloadResult  75: 256 op, 301531700.00 ns, 1.1779 ms/op
WorkloadResult  76: 256 op, 313648200.00 ns, 1.2252 ms/op
WorkloadResult  77: 256 op, 322677100.00 ns, 1.2605 ms/op
WorkloadResult  78: 256 op, 331264300.00 ns, 1.2940 ms/op
WorkloadResult  79: 256 op, 328828500.00 ns, 1.2845 ms/op
WorkloadResult  80: 256 op, 319449100.00 ns, 1.2478 ms/op
WorkloadResult  81: 256 op, 314340500.00 ns, 1.2279 ms/op
WorkloadResult  82: 256 op, 340376800.00 ns, 1.3296 ms/op
WorkloadResult  83: 256 op, 316160200.00 ns, 1.2350 ms/op
WorkloadResult  84: 256 op, 325468200.00 ns, 1.2714 ms/op
WorkloadResult  85: 256 op, 334984500.00 ns, 1.3085 ms/op
WorkloadResult  86: 256 op, 328404100.00 ns, 1.2828 ms/op
WorkloadResult  87: 256 op, 323827400.00 ns, 1.2650 ms/op
WorkloadResult  88: 256 op, 316417300.00 ns, 1.2360 ms/op
WorkloadResult  89: 256 op, 328670400.00 ns, 1.2839 ms/op
WorkloadResult  90: 256 op, 323032900.00 ns, 1.2618 ms/op
WorkloadResult  91: 256 op, 337876100.00 ns, 1.3198 ms/op
WorkloadResult  92: 256 op, 329176400.00 ns, 1.2858 ms/op
WorkloadResult  93: 256 op, 318959800.00 ns, 1.2459 ms/op
WorkloadResult  94: 256 op, 307352800.00 ns, 1.2006 ms/op
WorkloadResult  95: 256 op, 302536700.00 ns, 1.1818 ms/op
WorkloadResult  96: 256 op, 318122900.00 ns, 1.2427 ms/op
WorkloadResult  97: 256 op, 310220800.00 ns, 1.2118 ms/op
WorkloadResult  98: 256 op, 320449800.00 ns, 1.2518 ms/op
// GC:  3 0 0 44837992 256
// Threading:  35507 1 256

// AfterAll
// Benchmark Process 24756 has exited with code 0.

Mean = 1.190 ms, StdErr = 0.014 ms (1.16%), N = 98, StdDev = 0.136 ms
Min = 0.871 ms, Q1 = 1.210 ms, Median = 1.237 ms, Q3 = 1.271 ms, Max = 1.338 ms
IQR = 0.061 ms, LowerFence = 1.118 ms, UpperFence = 1.363 ms
ConfidenceInterval = [1.144 ms; 1.237 ms] (CI 99.9%), Margin = 0.047 ms (3.93% of Mean)
Skewness = -1.53, Kurtosis = 3.76, MValue = 2

// ** Remained 11 (91,7%) benchmark(s) to run. Estimated finish 2025-05-06 11:21 (0h 6m from now) **
Setup power plan (GUID: 8c5e7fda-e8bf-4a96-9a85-a6e23a8c635c FriendlyName: Hoge prestaties)
// **************************
// Benchmark: PriceBenchmark.'GraphQL CalculatePrice': DefaultJob [ConcurrentRequests=50]
// *** Execute ***
// Launch: 1 / 1
// Execute: dotnet cfba9484-ccb7-4999-96b3-5ec370821695.dll --anonymousPipes 2604 2600 --benchmarkName "Webshop.Backend.Benchmarks.Price.PriceBenchmark.GraphQL_CalculatePrice(ConcurrentRequests: 50)" --job Default --benchmarkId 1 in C:\HoGent24-25\Bachelorproef\PoC\Bachelorproef\WebshopBachelorproef\Webshop.Backend.Benchmarks\bin\Release\net8.0\cfba9484-ccb7-4999-96b3-5ec370821695\bin\Release\net8.0
// BeforeAnythingElse

// Benchmark Process Environment Information:
// BenchmarkDotNet v0.14.0
// Runtime=.NET 8.0.8 (8.0.824.36612), X64 RyuJIT AVX2
// GC=Concurrent Workstation
// HardwareIntrinsics=AVX2,AES,BMI1,BMI2,FMA,LZCNT,PCLMUL,POPCNT,AvxVnni,SERIALIZE VectorSize=256
// Job: DefaultJob

OverheadJitting  1: 1 op, 137100.00 ns, 137.1000 us/op
WorkloadJitting  1: 1 op, 61516000.00 ns, 61.5160 ms/op

WorkloadPilot    1: 2 op, 7523700.00 ns, 3.7619 ms/op
WorkloadPilot    2: 3 op, 11517000.00 ns, 3.8390 ms/op
WorkloadPilot    3: 4 op, 10865200.00 ns, 2.7163 ms/op
WorkloadPilot    4: 5 op, 15062200.00 ns, 3.0124 ms/op
WorkloadPilot    5: 6 op, 16570200.00 ns, 2.7617 ms/op
WorkloadPilot    6: 7 op, 19450400.00 ns, 2.7786 ms/op
WorkloadPilot    7: 8 op, 21434900.00 ns, 2.6794 ms/op
WorkloadPilot    8: 9 op, 25733100.00 ns, 2.8592 ms/op
WorkloadPilot    9: 10 op, 32402700.00 ns, 3.2403 ms/op
WorkloadPilot   10: 11 op, 31716600.00 ns, 2.8833 ms/op
WorkloadPilot   11: 12 op, 35408500.00 ns, 2.9507 ms/op
WorkloadPilot   12: 13 op, 37180700.00 ns, 2.8601 ms/op
WorkloadPilot   13: 14 op, 40095000.00 ns, 2.8639 ms/op
WorkloadPilot   14: 15 op, 43274600.00 ns, 2.8850 ms/op
WorkloadPilot   15: 16 op, 46463700.00 ns, 2.9040 ms/op
WorkloadPilot   16: 32 op, 90202200.00 ns, 2.8188 ms/op
WorkloadPilot   17: 64 op, 180230900.00 ns, 2.8161 ms/op
WorkloadPilot   18: 128 op, 357872300.00 ns, 2.7959 ms/op
WorkloadPilot   19: 256 op, 668659700.00 ns, 2.6120 ms/op

WorkloadWarmup   1: 256 op, 373391500.00 ns, 1.4586 ms/op
WorkloadWarmup   2: 256 op, 324842400.00 ns, 1.2689 ms/op
WorkloadWarmup   3: 256 op, 328158800.00 ns, 1.2819 ms/op
WorkloadWarmup   4: 256 op, 330289200.00 ns, 1.2902 ms/op
WorkloadWarmup   5: 256 op, 331843500.00 ns, 1.2963 ms/op
WorkloadWarmup   6: 256 op, 326897000.00 ns, 1.2769 ms/op
WorkloadWarmup   7: 256 op, 332996300.00 ns, 1.3008 ms/op
WorkloadWarmup   8: 256 op, 333416800.00 ns, 1.3024 ms/op
WorkloadWarmup   9: 256 op, 329192900.00 ns, 1.2859 ms/op

// BeforeActualRun
WorkloadActual   1: 256 op, 329918800.00 ns, 1.2887 ms/op
WorkloadActual   2: 256 op, 327826500.00 ns, 1.2806 ms/op
WorkloadActual   3: 256 op, 328917500.00 ns, 1.2848 ms/op
WorkloadActual   4: 256 op, 326318800.00 ns, 1.2747 ms/op
WorkloadActual   5: 256 op, 330015900.00 ns, 1.2891 ms/op
WorkloadActual   6: 256 op, 328758100.00 ns, 1.2842 ms/op
WorkloadActual   7: 256 op, 332550600.00 ns, 1.2990 ms/op
WorkloadActual   8: 256 op, 342036500.00 ns, 1.3361 ms/op
WorkloadActual   9: 256 op, 344809200.00 ns, 1.3469 ms/op
WorkloadActual  10: 256 op, 400696400.00 ns, 1.5652 ms/op
WorkloadActual  11: 256 op, 415782800.00 ns, 1.6242 ms/op
WorkloadActual  12: 256 op, 403043000.00 ns, 1.5744 ms/op
WorkloadActual  13: 256 op, 406321900.00 ns, 1.5872 ms/op
WorkloadActual  14: 256 op, 409723200.00 ns, 1.6005 ms/op
WorkloadActual  15: 256 op, 401816100.00 ns, 1.5696 ms/op
WorkloadActual  16: 256 op, 396870200.00 ns, 1.5503 ms/op
WorkloadActual  17: 256 op, 403797200.00 ns, 1.5773 ms/op
WorkloadActual  18: 256 op, 416845100.00 ns, 1.6283 ms/op
WorkloadActual  19: 256 op, 421602100.00 ns, 1.6469 ms/op
WorkloadActual  20: 256 op, 425067000.00 ns, 1.6604 ms/op
WorkloadActual  21: 256 op, 412075500.00 ns, 1.6097 ms/op
WorkloadActual  22: 256 op, 413655000.00 ns, 1.6158 ms/op
WorkloadActual  23: 256 op, 414888500.00 ns, 1.6207 ms/op
WorkloadActual  24: 256 op, 419132800.00 ns, 1.6372 ms/op
WorkloadActual  25: 256 op, 424495200.00 ns, 1.6582 ms/op
WorkloadActual  26: 256 op, 433402600.00 ns, 1.6930 ms/op
WorkloadActual  27: 256 op, 475440300.00 ns, 1.8572 ms/op
WorkloadActual  28: 256 op, 411835400.00 ns, 1.6087 ms/op
WorkloadActual  29: 256 op, 449816800.00 ns, 1.7571 ms/op
WorkloadActual  30: 256 op, 452664500.00 ns, 1.7682 ms/op
WorkloadActual  31: 256 op, 421548800.00 ns, 1.6467 ms/op
WorkloadActual  32: 256 op, 433643000.00 ns, 1.6939 ms/op
WorkloadActual  33: 256 op, 433276000.00 ns, 1.6925 ms/op
WorkloadActual  34: 256 op, 433812100.00 ns, 1.6946 ms/op
WorkloadActual  35: 256 op, 446179700.00 ns, 1.7429 ms/op
WorkloadActual  36: 256 op, 450374500.00 ns, 1.7593 ms/op
WorkloadActual  37: 256 op, 440908300.00 ns, 1.7223 ms/op
WorkloadActual  38: 256 op, 453609400.00 ns, 1.7719 ms/op
WorkloadActual  39: 256 op, 459675400.00 ns, 1.7956 ms/op
WorkloadActual  40: 256 op, 454980000.00 ns, 1.7773 ms/op
WorkloadActual  41: 256 op, 444713300.00 ns, 1.7372 ms/op
WorkloadActual  42: 256 op, 492714500.00 ns, 1.9247 ms/op
WorkloadActual  43: 256 op, 470624000.00 ns, 1.8384 ms/op
WorkloadActual  44: 256 op, 476657300.00 ns, 1.8619 ms/op
WorkloadActual  45: 256 op, 472884500.00 ns, 1.8472 ms/op
WorkloadActual  46: 256 op, 517940000.00 ns, 2.0232 ms/op
WorkloadActual  47: 256 op, 449644700.00 ns, 1.7564 ms/op
WorkloadActual  48: 256 op, 435680300.00 ns, 1.7019 ms/op
WorkloadActual  49: 256 op, 422877900.00 ns, 1.6519 ms/op
WorkloadActual  50: 256 op, 419824700.00 ns, 1.6399 ms/op
WorkloadActual  51: 256 op, 428606100.00 ns, 1.6742 ms/op
WorkloadActual  52: 256 op, 479112400.00 ns, 1.8715 ms/op
WorkloadActual  53: 256 op, 425107400.00 ns, 1.6606 ms/op
WorkloadActual  54: 256 op, 427513200.00 ns, 1.6700 ms/op
WorkloadActual  55: 256 op, 457719700.00 ns, 1.7880 ms/op
WorkloadActual  56: 256 op, 453807100.00 ns, 1.7727 ms/op
WorkloadActual  57: 256 op, 457227600.00 ns, 1.7860 ms/op
WorkloadActual  58: 256 op, 431443400.00 ns, 1.6853 ms/op
WorkloadActual  59: 256 op, 435309700.00 ns, 1.7004 ms/op
WorkloadActual  60: 256 op, 527727800.00 ns, 2.0614 ms/op
WorkloadActual  61: 256 op, 425938900.00 ns, 1.6638 ms/op
WorkloadActual  62: 256 op, 438137400.00 ns, 1.7115 ms/op
WorkloadActual  63: 256 op, 455478500.00 ns, 1.7792 ms/op
WorkloadActual  64: 256 op, 449067700.00 ns, 1.7542 ms/op
WorkloadActual  65: 256 op, 447065600.00 ns, 1.7464 ms/op
WorkloadActual  66: 256 op, 428756200.00 ns, 1.6748 ms/op
WorkloadActual  67: 256 op, 430228700.00 ns, 1.6806 ms/op
WorkloadActual  68: 256 op, 448364600.00 ns, 1.7514 ms/op
WorkloadActual  69: 256 op, 448921500.00 ns, 1.7536 ms/op
WorkloadActual  70: 256 op, 434670000.00 ns, 1.6979 ms/op
WorkloadActual  71: 256 op, 425199300.00 ns, 1.6609 ms/op
WorkloadActual  72: 256 op, 416347800.00 ns, 1.6264 ms/op
WorkloadActual  73: 256 op, 412605900.00 ns, 1.6117 ms/op
WorkloadActual  74: 256 op, 432915700.00 ns, 1.6911 ms/op
WorkloadActual  75: 256 op, 414829900.00 ns, 1.6204 ms/op
WorkloadActual  76: 256 op, 414504300.00 ns, 1.6192 ms/op
WorkloadActual  77: 256 op, 415697200.00 ns, 1.6238 ms/op
WorkloadActual  78: 256 op, 410850800.00 ns, 1.6049 ms/op
WorkloadActual  79: 256 op, 427477000.00 ns, 1.6698 ms/op
WorkloadActual  80: 256 op, 437758300.00 ns, 1.7100 ms/op
WorkloadActual  81: 256 op, 403284400.00 ns, 1.5753 ms/op
WorkloadActual  82: 256 op, 416092700.00 ns, 1.6254 ms/op
WorkloadActual  83: 256 op, 414902600.00 ns, 1.6207 ms/op
WorkloadActual  84: 256 op, 415566800.00 ns, 1.6233 ms/op
WorkloadActual  85: 256 op, 413533600.00 ns, 1.6154 ms/op
WorkloadActual  86: 256 op, 410547600.00 ns, 1.6037 ms/op
WorkloadActual  87: 256 op, 421042400.00 ns, 1.6447 ms/op
WorkloadActual  88: 256 op, 411308100.00 ns, 1.6067 ms/op
WorkloadActual  89: 256 op, 417519300.00 ns, 1.6309 ms/op
WorkloadActual  90: 256 op, 409962500.00 ns, 1.6014 ms/op
WorkloadActual  91: 256 op, 411104800.00 ns, 1.6059 ms/op
WorkloadActual  92: 256 op, 407379200.00 ns, 1.5913 ms/op
WorkloadActual  93: 256 op, 422442700.00 ns, 1.6502 ms/op
WorkloadActual  94: 256 op, 423568700.00 ns, 1.6546 ms/op
WorkloadActual  95: 256 op, 428292400.00 ns, 1.6730 ms/op
WorkloadActual  96: 256 op, 415363700.00 ns, 1.6225 ms/op
WorkloadActual  97: 256 op, 414235600.00 ns, 1.6181 ms/op
WorkloadActual  98: 256 op, 428141700.00 ns, 1.6724 ms/op
WorkloadActual  99: 256 op, 417604300.00 ns, 1.6313 ms/op
WorkloadActual  100: 256 op, 411085700.00 ns, 1.6058 ms/op

// AfterActualRun
WorkloadResult   1: 256 op, 329918800.00 ns, 1.2887 ms/op
WorkloadResult   2: 256 op, 327826500.00 ns, 1.2806 ms/op
WorkloadResult   3: 256 op, 328917500.00 ns, 1.2848 ms/op
WorkloadResult   4: 256 op, 326318800.00 ns, 1.2747 ms/op
WorkloadResult   5: 256 op, 330015900.00 ns, 1.2891 ms/op
WorkloadResult   6: 256 op, 328758100.00 ns, 1.2842 ms/op
WorkloadResult   7: 256 op, 332550600.00 ns, 1.2990 ms/op
WorkloadResult   8: 256 op, 342036500.00 ns, 1.3361 ms/op
WorkloadResult   9: 256 op, 344809200.00 ns, 1.3469 ms/op
WorkloadResult  10: 256 op, 400696400.00 ns, 1.5652 ms/op
WorkloadResult  11: 256 op, 415782800.00 ns, 1.6242 ms/op
WorkloadResult  12: 256 op, 403043000.00 ns, 1.5744 ms/op
WorkloadResult  13: 256 op, 406321900.00 ns, 1.5872 ms/op
WorkloadResult  14: 256 op, 409723200.00 ns, 1.6005 ms/op
WorkloadResult  15: 256 op, 401816100.00 ns, 1.5696 ms/op
WorkloadResult  16: 256 op, 396870200.00 ns, 1.5503 ms/op
WorkloadResult  17: 256 op, 403797200.00 ns, 1.5773 ms/op
WorkloadResult  18: 256 op, 416845100.00 ns, 1.6283 ms/op
WorkloadResult  19: 256 op, 421602100.00 ns, 1.6469 ms/op
WorkloadResult  20: 256 op, 425067000.00 ns, 1.6604 ms/op
WorkloadResult  21: 256 op, 412075500.00 ns, 1.6097 ms/op
WorkloadResult  22: 256 op, 413655000.00 ns, 1.6158 ms/op
WorkloadResult  23: 256 op, 414888500.00 ns, 1.6207 ms/op
WorkloadResult  24: 256 op, 419132800.00 ns, 1.6372 ms/op
WorkloadResult  25: 256 op, 424495200.00 ns, 1.6582 ms/op
WorkloadResult  26: 256 op, 433402600.00 ns, 1.6930 ms/op
WorkloadResult  27: 256 op, 475440300.00 ns, 1.8572 ms/op
WorkloadResult  28: 256 op, 411835400.00 ns, 1.6087 ms/op
WorkloadResult  29: 256 op, 449816800.00 ns, 1.7571 ms/op
WorkloadResult  30: 256 op, 452664500.00 ns, 1.7682 ms/op
WorkloadResult  31: 256 op, 421548800.00 ns, 1.6467 ms/op
WorkloadResult  32: 256 op, 433643000.00 ns, 1.6939 ms/op
WorkloadResult  33: 256 op, 433276000.00 ns, 1.6925 ms/op
WorkloadResult  34: 256 op, 433812100.00 ns, 1.6946 ms/op
WorkloadResult  35: 256 op, 446179700.00 ns, 1.7429 ms/op
WorkloadResult  36: 256 op, 450374500.00 ns, 1.7593 ms/op
WorkloadResult  37: 256 op, 440908300.00 ns, 1.7223 ms/op
WorkloadResult  38: 256 op, 453609400.00 ns, 1.7719 ms/op
WorkloadResult  39: 256 op, 459675400.00 ns, 1.7956 ms/op
WorkloadResult  40: 256 op, 454980000.00 ns, 1.7773 ms/op
WorkloadResult  41: 256 op, 444713300.00 ns, 1.7372 ms/op
WorkloadResult  42: 256 op, 470624000.00 ns, 1.8384 ms/op
WorkloadResult  43: 256 op, 476657300.00 ns, 1.8619 ms/op
WorkloadResult  44: 256 op, 472884500.00 ns, 1.8472 ms/op
WorkloadResult  45: 256 op, 449644700.00 ns, 1.7564 ms/op
WorkloadResult  46: 256 op, 435680300.00 ns, 1.7019 ms/op
WorkloadResult  47: 256 op, 422877900.00 ns, 1.6519 ms/op
WorkloadResult  48: 256 op, 419824700.00 ns, 1.6399 ms/op
WorkloadResult  49: 256 op, 428606100.00 ns, 1.6742 ms/op
WorkloadResult  50: 256 op, 479112400.00 ns, 1.8715 ms/op
WorkloadResult  51: 256 op, 425107400.00 ns, 1.6606 ms/op
WorkloadResult  52: 256 op, 427513200.00 ns, 1.6700 ms/op
WorkloadResult  53: 256 op, 457719700.00 ns, 1.7880 ms/op
WorkloadResult  54: 256 op, 453807100.00 ns, 1.7727 ms/op
WorkloadResult  55: 256 op, 457227600.00 ns, 1.7860 ms/op
WorkloadResult  56: 256 op, 431443400.00 ns, 1.6853 ms/op
WorkloadResult  57: 256 op, 435309700.00 ns, 1.7004 ms/op
WorkloadResult  58: 256 op, 425938900.00 ns, 1.6638 ms/op
WorkloadResult  59: 256 op, 438137400.00 ns, 1.7115 ms/op
WorkloadResult  60: 256 op, 455478500.00 ns, 1.7792 ms/op
WorkloadResult  61: 256 op, 449067700.00 ns, 1.7542 ms/op
WorkloadResult  62: 256 op, 447065600.00 ns, 1.7464 ms/op
WorkloadResult  63: 256 op, 428756200.00 ns, 1.6748 ms/op
WorkloadResult  64: 256 op, 430228700.00 ns, 1.6806 ms/op
WorkloadResult  65: 256 op, 448364600.00 ns, 1.7514 ms/op
WorkloadResult  66: 256 op, 448921500.00 ns, 1.7536 ms/op
WorkloadResult  67: 256 op, 434670000.00 ns, 1.6979 ms/op
WorkloadResult  68: 256 op, 425199300.00 ns, 1.6609 ms/op
WorkloadResult  69: 256 op, 416347800.00 ns, 1.6264 ms/op
WorkloadResult  70: 256 op, 412605900.00 ns, 1.6117 ms/op
WorkloadResult  71: 256 op, 432915700.00 ns, 1.6911 ms/op
WorkloadResult  72: 256 op, 414829900.00 ns, 1.6204 ms/op
WorkloadResult  73: 256 op, 414504300.00 ns, 1.6192 ms/op
WorkloadResult  74: 256 op, 415697200.00 ns, 1.6238 ms/op
WorkloadResult  75: 256 op, 410850800.00 ns, 1.6049 ms/op
WorkloadResult  76: 256 op, 427477000.00 ns, 1.6698 ms/op
WorkloadResult  77: 256 op, 437758300.00 ns, 1.7100 ms/op
WorkloadResult  78: 256 op, 403284400.00 ns, 1.5753 ms/op
WorkloadResult  79: 256 op, 416092700.00 ns, 1.6254 ms/op
WorkloadResult  80: 256 op, 414902600.00 ns, 1.6207 ms/op
WorkloadResult  81: 256 op, 415566800.00 ns, 1.6233 ms/op
WorkloadResult  82: 256 op, 413533600.00 ns, 1.6154 ms/op
WorkloadResult  83: 256 op, 410547600.00 ns, 1.6037 ms/op
WorkloadResult  84: 256 op, 421042400.00 ns, 1.6447 ms/op
WorkloadResult  85: 256 op, 411308100.00 ns, 1.6067 ms/op
WorkloadResult  86: 256 op, 417519300.00 ns, 1.6309 ms/op
WorkloadResult  87: 256 op, 409962500.00 ns, 1.6014 ms/op
WorkloadResult  88: 256 op, 411104800.00 ns, 1.6059 ms/op
WorkloadResult  89: 256 op, 407379200.00 ns, 1.5913 ms/op
WorkloadResult  90: 256 op, 422442700.00 ns, 1.6502 ms/op
WorkloadResult  91: 256 op, 423568700.00 ns, 1.6546 ms/op
WorkloadResult  92: 256 op, 428292400.00 ns, 1.6730 ms/op
WorkloadResult  93: 256 op, 415363700.00 ns, 1.6225 ms/op
WorkloadResult  94: 256 op, 414235600.00 ns, 1.6181 ms/op
WorkloadResult  95: 256 op, 428141700.00 ns, 1.6724 ms/op
WorkloadResult  96: 256 op, 417604300.00 ns, 1.6313 ms/op
WorkloadResult  97: 256 op, 411085700.00 ns, 1.6058 ms/op
// GC:  4 0 0 51986192 256
// Threading:  40442 0 256

// AfterAll
// Benchmark Process 15764 has exited with code 0.

Mean = 1.641 ms, StdErr = 0.013 ms (0.81%), N = 97, StdDev = 0.132 ms
Min = 1.275 ms, Q1 = 1.609 ms, Median = 1.650 ms, Q3 = 1.710 ms, Max = 1.872 ms
IQR = 0.101 ms, LowerFence = 1.457 ms, UpperFence = 1.862 ms
ConfidenceInterval = [1.595 ms; 1.686 ms] (CI 99.9%), Margin = 0.045 ms (2.77% of Mean)
Skewness = -1.28, Kurtosis = 4.9, MValue = 2.79

// ** Remained 10 (83,3%) benchmark(s) to run. Estimated finish 2025-05-06 11:22 (0h 6m from now) **
Setup power plan (GUID: 8c5e7fda-e8bf-4a96-9a85-a6e23a8c635c FriendlyName: Hoge prestaties)
// **************************
// Benchmark: PriceBenchmark.'SignalR CalculatePrice': DefaultJob [ConcurrentRequests=50]
// *** Execute ***
// Launch: 1 / 1
// Execute: dotnet cfba9484-ccb7-4999-96b3-5ec370821695.dll --anonymousPipes 612 2504 --benchmarkName "Webshop.Backend.Benchmarks.Price.PriceBenchmark.SignalR_CalculatePrice(ConcurrentRequests: 50)" --job Default --benchmarkId 2 in C:\HoGent24-25\Bachelorproef\PoC\Bachelorproef\WebshopBachelorproef\Webshop.Backend.Benchmarks\bin\Release\net8.0\cfba9484-ccb7-4999-96b3-5ec370821695\bin\Release\net8.0
// BeforeAnythingElse

// Benchmark Process Environment Information:
// BenchmarkDotNet v0.14.0
// Runtime=.NET 8.0.8 (8.0.824.36612), X64 RyuJIT AVX2
// GC=Concurrent Workstation
// HardwareIntrinsics=AVX2,AES,BMI1,BMI2,FMA,LZCNT,PCLMUL,POPCNT,AvxVnni,SERIALIZE VectorSize=256
// Job: DefaultJob

OverheadJitting  1: 1 op, 138700.00 ns, 138.7000 us/op
WorkloadJitting  1: 1 op, 165424600.00 ns, 165.4246 ms/op

WorkloadPilot    1: 2 op, 258290000.00 ns, 129.1450 ms/op
WorkloadPilot    2: 3 op, 386742000.00 ns, 128.9140 ms/op
WorkloadPilot    3: 4 op, 529553800.00 ns, 132.3885 ms/op

WorkloadWarmup   1: 4 op, 526492500.00 ns, 131.6231 ms/op
WorkloadWarmup   2: 4 op, 509668000.00 ns, 127.4170 ms/op
WorkloadWarmup   3: 4 op, 519992800.00 ns, 129.9982 ms/op
WorkloadWarmup   4: 4 op, 527194200.00 ns, 131.7986 ms/op
WorkloadWarmup   5: 4 op, 527024500.00 ns, 131.7561 ms/op
WorkloadWarmup   6: 4 op, 532505000.00 ns, 133.1263 ms/op
WorkloadWarmup   7: 4 op, 513950600.00 ns, 128.4877 ms/op

// BeforeActualRun
WorkloadActual   1: 4 op, 502539100.00 ns, 125.6348 ms/op
WorkloadActual   2: 4 op, 544718400.00 ns, 136.1796 ms/op
WorkloadActual   3: 4 op, 514064000.00 ns, 128.5160 ms/op
WorkloadActual   4: 4 op, 537190500.00 ns, 134.2976 ms/op
WorkloadActual   5: 4 op, 537601300.00 ns, 134.4003 ms/op
WorkloadActual   6: 4 op, 516503900.00 ns, 129.1260 ms/op
WorkloadActual   7: 4 op, 554372600.00 ns, 138.5932 ms/op
WorkloadActual   8: 4 op, 576619000.00 ns, 144.1548 ms/op
WorkloadActual   9: 4 op, 516719300.00 ns, 129.1798 ms/op
WorkloadActual  10: 4 op, 523301400.00 ns, 130.8254 ms/op
WorkloadActual  11: 4 op, 518111000.00 ns, 129.5278 ms/op
WorkloadActual  12: 4 op, 524490800.00 ns, 131.1227 ms/op
WorkloadActual  13: 4 op, 527577700.00 ns, 131.8944 ms/op
WorkloadActual  14: 4 op, 515326800.00 ns, 128.8317 ms/op
WorkloadActual  15: 4 op, 499565400.00 ns, 124.8914 ms/op
WorkloadActual  16: 4 op, 506786900.00 ns, 126.6967 ms/op
WorkloadActual  17: 4 op, 484537400.00 ns, 121.1344 ms/op
WorkloadActual  18: 4 op, 503891200.00 ns, 125.9728 ms/op
WorkloadActual  19: 4 op, 491510900.00 ns, 122.8777 ms/op
WorkloadActual  20: 4 op, 505199300.00 ns, 126.2998 ms/op
WorkloadActual  21: 4 op, 500335900.00 ns, 125.0840 ms/op
WorkloadActual  22: 4 op, 514397600.00 ns, 128.5994 ms/op
WorkloadActual  23: 4 op, 507198700.00 ns, 126.7997 ms/op
WorkloadActual  24: 4 op, 502160200.00 ns, 125.5401 ms/op
WorkloadActual  25: 4 op, 598613800.00 ns, 149.6535 ms/op
WorkloadActual  26: 4 op, 499583300.00 ns, 124.8958 ms/op
WorkloadActual  27: 4 op, 520432600.00 ns, 130.1082 ms/op
WorkloadActual  28: 4 op, 534747800.00 ns, 133.6870 ms/op
WorkloadActual  29: 4 op, 521164600.00 ns, 130.2912 ms/op
WorkloadActual  30: 4 op, 496704300.00 ns, 124.1761 ms/op
WorkloadActual  31: 4 op, 521584400.00 ns, 130.3961 ms/op
WorkloadActual  32: 4 op, 494519300.00 ns, 123.6298 ms/op
WorkloadActual  33: 4 op, 520193300.00 ns, 130.0483 ms/op
WorkloadActual  34: 4 op, 526733300.00 ns, 131.6833 ms/op
WorkloadActual  35: 4 op, 520815500.00 ns, 130.2039 ms/op

// AfterActualRun
WorkloadResult   1: 4 op, 502539100.00 ns, 125.6348 ms/op
WorkloadResult   2: 4 op, 544718400.00 ns, 136.1796 ms/op
WorkloadResult   3: 4 op, 514064000.00 ns, 128.5160 ms/op
WorkloadResult   4: 4 op, 537190500.00 ns, 134.2976 ms/op
WorkloadResult   5: 4 op, 537601300.00 ns, 134.4003 ms/op
WorkloadResult   6: 4 op, 516503900.00 ns, 129.1260 ms/op
WorkloadResult   7: 4 op, 554372600.00 ns, 138.5932 ms/op
WorkloadResult   8: 4 op, 516719300.00 ns, 129.1798 ms/op
WorkloadResult   9: 4 op, 523301400.00 ns, 130.8254 ms/op
WorkloadResult  10: 4 op, 518111000.00 ns, 129.5278 ms/op
WorkloadResult  11: 4 op, 524490800.00 ns, 131.1227 ms/op
WorkloadResult  12: 4 op, 527577700.00 ns, 131.8944 ms/op
WorkloadResult  13: 4 op, 515326800.00 ns, 128.8317 ms/op
WorkloadResult  14: 4 op, 499565400.00 ns, 124.8914 ms/op
WorkloadResult  15: 4 op, 506786900.00 ns, 126.6967 ms/op
WorkloadResult  16: 4 op, 484537400.00 ns, 121.1344 ms/op
WorkloadResult  17: 4 op, 503891200.00 ns, 125.9728 ms/op
WorkloadResult  18: 4 op, 491510900.00 ns, 122.8777 ms/op
WorkloadResult  19: 4 op, 505199300.00 ns, 126.2998 ms/op
WorkloadResult  20: 4 op, 500335900.00 ns, 125.0840 ms/op
WorkloadResult  21: 4 op, 514397600.00 ns, 128.5994 ms/op
WorkloadResult  22: 4 op, 507198700.00 ns, 126.7997 ms/op
WorkloadResult  23: 4 op, 502160200.00 ns, 125.5401 ms/op
WorkloadResult  24: 4 op, 499583300.00 ns, 124.8958 ms/op
WorkloadResult  25: 4 op, 520432600.00 ns, 130.1082 ms/op
WorkloadResult  26: 4 op, 534747800.00 ns, 133.6870 ms/op
WorkloadResult  27: 4 op, 521164600.00 ns, 130.2912 ms/op
WorkloadResult  28: 4 op, 496704300.00 ns, 124.1761 ms/op
WorkloadResult  29: 4 op, 521584400.00 ns, 130.3961 ms/op
WorkloadResult  30: 4 op, 494519300.00 ns, 123.6298 ms/op
WorkloadResult  31: 4 op, 520193300.00 ns, 130.0483 ms/op
WorkloadResult  32: 4 op, 526733300.00 ns, 131.6833 ms/op
WorkloadResult  33: 4 op, 520815500.00 ns, 130.2039 ms/op
// GC:  0 0 0 688792 4
// Threading:  1004 0 4
// Exceptions:  50

// AfterAll
// Benchmark Process 32108 has exited with code 0.

Mean = 128.823 ms, StdErr = 0.691 ms (0.54%), N = 33, StdDev = 3.967 ms
Min = 121.134 ms, Q1 = 125.635 ms, Median = 129.126 ms, Q3 = 130.825 ms, Max = 138.593 ms
IQR = 5.191 ms, LowerFence = 117.849 ms, UpperFence = 138.611 ms
ConfidenceInterval = [126.321 ms; 131.324 ms] (CI 99.9%), Margin = 2.501 ms (1.94% of Mean)
Skewness = 0.32, Kurtosis = 2.65, MValue = 2

// ** Remained 9 (75,0%) benchmark(s) to run. Estimated finish 2025-05-06 11:21 (0h 5m from now) **
Setup power plan (GUID: 8c5e7fda-e8bf-4a96-9a85-a6e23a8c635c FriendlyName: Hoge prestaties)
// **************************
// Benchmark: PriceBenchmark.'WebSocket CalculatePrice': DefaultJob [ConcurrentRequests=50]
// *** Execute ***
// Launch: 1 / 1
// Execute: dotnet cfba9484-ccb7-4999-96b3-5ec370821695.dll --anonymousPipes 2664 2656 --benchmarkName "Webshop.Backend.Benchmarks.Price.PriceBenchmark.WebSocket_CalculatePrice(ConcurrentRequests: 50)" --job Default --benchmarkId 3 in C:\HoGent24-25\Bachelorproef\PoC\Bachelorproef\WebshopBachelorproef\Webshop.Backend.Benchmarks\bin\Release\net8.0\cfba9484-ccb7-4999-96b3-5ec370821695\bin\Release\net8.0
// BeforeAnythingElse

// Benchmark Process Environment Information:
// BenchmarkDotNet v0.14.0
// Runtime=.NET 8.0.8 (8.0.824.36612), X64 RyuJIT AVX2
// GC=Concurrent Workstation
// HardwareIntrinsics=AVX2,AES,BMI1,BMI2,FMA,LZCNT,PCLMUL,POPCNT,AvxVnni,SERIALIZE VectorSize=256
// Job: DefaultJob

OverheadJitting  1: 1 op, 135500.00 ns, 135.5000 us/op
WorkloadJitting  1: 1 op, 105793600.00 ns, 105.7936 ms/op

WorkloadPilot    1: 2 op, 73878700.00 ns, 36.9394 ms/op
WorkloadPilot    2: 3 op, 104412600.00 ns, 34.8042 ms/op
WorkloadPilot    3: 4 op, 142327100.00 ns, 35.5818 ms/op
WorkloadPilot    4: 5 op, 176402300.00 ns, 35.2805 ms/op
WorkloadPilot    5: 6 op, 200928100.00 ns, 33.4880 ms/op
WorkloadPilot    6: 7 op, 230374900.00 ns, 32.9107 ms/op
WorkloadPilot    7: 8 op, 249634200.00 ns, 31.2043 ms/op
WorkloadPilot    8: 9 op, 285869900.00 ns, 31.7633 ms/op
WorkloadPilot    9: 10 op, 320903200.00 ns, 32.0903 ms/op
WorkloadPilot   10: 11 op, 365376400.00 ns, 33.2160 ms/op
WorkloadPilot   11: 12 op, 666655900.00 ns, 55.5547 ms/op

WorkloadWarmup   1: 12 op, 376423300.00 ns, 31.3686 ms/op
WorkloadWarmup   2: 12 op, 381934900.00 ns, 31.8279 ms/op
WorkloadWarmup   3: 12 op, 394544300.00 ns, 32.8787 ms/op
WorkloadWarmup   4: 12 op, 403354900.00 ns, 33.6129 ms/op
WorkloadWarmup   5: 12 op, 394526800.00 ns, 32.8772 ms/op
WorkloadWarmup   6: 12 op, 385438000.00 ns, 32.1198 ms/op
WorkloadWarmup   7: 12 op, 388050500.00 ns, 32.3375 ms/op
WorkloadWarmup   8: 12 op, 395615900.00 ns, 32.9680 ms/op
WorkloadWarmup   9: 12 op, 376464900.00 ns, 31.3721 ms/op

// BeforeActualRun
WorkloadActual   1: 12 op, 380380600.00 ns, 31.6984 ms/op
WorkloadActual   2: 12 op, 388935800.00 ns, 32.4113 ms/op
WorkloadActual   3: 12 op, 379820400.00 ns, 31.6517 ms/op
WorkloadActual   4: 12 op, 393259000.00 ns, 32.7716 ms/op
WorkloadActual   5: 12 op, 387078700.00 ns, 32.2566 ms/op
WorkloadActual   6: 12 op, 393719300.00 ns, 32.8099 ms/op
WorkloadActual   7: 12 op, 397876900.00 ns, 33.1564 ms/op
WorkloadActual   8: 12 op, 393480400.00 ns, 32.7900 ms/op
WorkloadActual   9: 12 op, 391896100.00 ns, 32.6580 ms/op
WorkloadActual  10: 12 op, 395314200.00 ns, 32.9429 ms/op
WorkloadActual  11: 12 op, 395052500.00 ns, 32.9210 ms/op
WorkloadActual  12: 12 op, 390931500.00 ns, 32.5776 ms/op
WorkloadActual  13: 12 op, 394566400.00 ns, 32.8805 ms/op
WorkloadActual  14: 12 op, 417024600.00 ns, 34.7521 ms/op
WorkloadActual  15: 12 op, 413458000.00 ns, 34.4548 ms/op

// AfterActualRun
WorkloadResult   1: 12 op, 380380600.00 ns, 31.6984 ms/op
WorkloadResult   2: 12 op, 388935800.00 ns, 32.4113 ms/op
WorkloadResult   3: 12 op, 379820400.00 ns, 31.6517 ms/op
WorkloadResult   4: 12 op, 393259000.00 ns, 32.7716 ms/op
WorkloadResult   5: 12 op, 387078700.00 ns, 32.2566 ms/op
WorkloadResult   6: 12 op, 393719300.00 ns, 32.8099 ms/op
WorkloadResult   7: 12 op, 397876900.00 ns, 33.1564 ms/op
WorkloadResult   8: 12 op, 393480400.00 ns, 32.7900 ms/op
WorkloadResult   9: 12 op, 391896100.00 ns, 32.6580 ms/op
WorkloadResult  10: 12 op, 395314200.00 ns, 32.9429 ms/op
WorkloadResult  11: 12 op, 395052500.00 ns, 32.9210 ms/op
WorkloadResult  12: 12 op, 390931500.00 ns, 32.5776 ms/op
WorkloadResult  13: 12 op, 394566400.00 ns, 32.8805 ms/op
// GC:  1 0 0 15085024 12
// Threading:  9211 0 12

// AfterAll
// Benchmark Process 548 has exited with code 0.

Mean = 32.579 ms, StdErr = 0.129 ms (0.39%), N = 13, StdDev = 0.464 ms
Min = 31.652 ms, Q1 = 32.411 ms, Median = 32.772 ms, Q3 = 32.881 ms, Max = 33.156 ms
IQR = 0.469 ms, LowerFence = 31.707 ms, UpperFence = 33.584 ms
ConfidenceInterval = [32.023 ms; 33.134 ms] (CI 99.9%), Margin = 0.556 ms (1.71% of Mean)
Skewness = -0.91, Kurtosis = 2.51, MValue = 2

// ** Remained 8 (66,7%) benchmark(s) to run. Estimated finish 2025-05-06 11:20 (0h 4m from now) **
Setup power plan (GUID: 8c5e7fda-e8bf-4a96-9a85-a6e23a8c635c FriendlyName: Hoge prestaties)
// **************************
// Benchmark: PriceBenchmark.'REST CalculatePrice': DefaultJob [ConcurrentRequests=100]
// *** Execute ***
// Launch: 1 / 1
// Execute: dotnet cfba9484-ccb7-4999-96b3-5ec370821695.dll --anonymousPipes 2728 2716 --benchmarkName "Webshop.Backend.Benchmarks.Price.PriceBenchmark.Rest_CalculatePrice(ConcurrentRequests: 100)" --job Default --benchmarkId 4 in C:\HoGent24-25\Bachelorproef\PoC\Bachelorproef\WebshopBachelorproef\Webshop.Backend.Benchmarks\bin\Release\net8.0\cfba9484-ccb7-4999-96b3-5ec370821695\bin\Release\net8.0
// BeforeAnythingElse

// Benchmark Process Environment Information:
// BenchmarkDotNet v0.14.0
// Runtime=.NET 8.0.8 (8.0.824.36612), X64 RyuJIT AVX2
// GC=Concurrent Workstation
// HardwareIntrinsics=AVX2,AES,BMI1,BMI2,FMA,LZCNT,PCLMUL,POPCNT,AvxVnni,SERIALIZE VectorSize=256
// Job: DefaultJob

OverheadJitting  1: 1 op, 154700.00 ns, 154.7000 us/op
WorkloadJitting  1: 1 op, 58286300.00 ns, 58.2863 ms/op

WorkloadPilot    1: 2 op, 8403400.00 ns, 4.2017 ms/op
WorkloadPilot    2: 3 op, 13125600.00 ns, 4.3752 ms/op
WorkloadPilot    3: 4 op, 16860400.00 ns, 4.2151 ms/op
WorkloadPilot    4: 5 op, 20787400.00 ns, 4.1575 ms/op
WorkloadPilot    5: 6 op, 24994500.00 ns, 4.1658 ms/op
WorkloadPilot    6: 7 op, 28810600.00 ns, 4.1158 ms/op
WorkloadPilot    7: 8 op, 33838100.00 ns, 4.2298 ms/op
WorkloadPilot    8: 9 op, 42270500.00 ns, 4.6967 ms/op
WorkloadPilot    9: 10 op, 43328800.00 ns, 4.3329 ms/op
WorkloadPilot   10: 11 op, 48518800.00 ns, 4.4108 ms/op
WorkloadPilot   11: 12 op, 51841700.00 ns, 4.3201 ms/op
WorkloadPilot   12: 13 op, 56060300.00 ns, 4.3123 ms/op
WorkloadPilot   13: 14 op, 60456600.00 ns, 4.3183 ms/op
WorkloadPilot   14: 15 op, 63297400.00 ns, 4.2198 ms/op
WorkloadPilot   15: 16 op, 65069800.00 ns, 4.0669 ms/op
WorkloadPilot   16: 32 op, 131209000.00 ns, 4.1003 ms/op
WorkloadPilot   17: 64 op, 248827900.00 ns, 3.8879 ms/op
WorkloadPilot   18: 128 op, 373540700.00 ns, 2.9183 ms/op
WorkloadPilot   19: 256 op, 515661600.00 ns, 2.0143 ms/op

WorkloadWarmup   1: 256 op, 444424000.00 ns, 1.7360 ms/op
WorkloadWarmup   2: 256 op, 431056600.00 ns, 1.6838 ms/op
WorkloadWarmup   3: 256 op, 448825900.00 ns, 1.7532 ms/op
WorkloadWarmup   4: 256 op, 433383900.00 ns, 1.6929 ms/op
WorkloadWarmup   5: 256 op, 444319600.00 ns, 1.7356 ms/op
WorkloadWarmup   6: 256 op, 427425400.00 ns, 1.6696 ms/op

// BeforeActualRun
WorkloadActual   1: 256 op, 430579200.00 ns, 1.6820 ms/op
WorkloadActual   2: 256 op, 433561100.00 ns, 1.6936 ms/op
WorkloadActual   3: 256 op, 429623700.00 ns, 1.6782 ms/op
WorkloadActual   4: 256 op, 434298300.00 ns, 1.6965 ms/op
WorkloadActual   5: 256 op, 429052900.00 ns, 1.6760 ms/op
WorkloadActual   6: 256 op, 427056500.00 ns, 1.6682 ms/op
WorkloadActual   7: 256 op, 421315300.00 ns, 1.6458 ms/op
WorkloadActual   8: 256 op, 485246200.00 ns, 1.8955 ms/op
WorkloadActual   9: 256 op, 584058500.00 ns, 2.2815 ms/op
WorkloadActual  10: 256 op, 578713100.00 ns, 2.2606 ms/op
WorkloadActual  11: 256 op, 571891400.00 ns, 2.2340 ms/op
WorkloadActual  12: 256 op, 557199000.00 ns, 2.1766 ms/op
WorkloadActual  13: 256 op, 529158500.00 ns, 2.0670 ms/op
WorkloadActual  14: 256 op, 585156100.00 ns, 2.2858 ms/op
WorkloadActual  15: 256 op, 576399600.00 ns, 2.2516 ms/op
WorkloadActual  16: 256 op, 639580600.00 ns, 2.4984 ms/op
WorkloadActual  17: 256 op, 577764900.00 ns, 2.2569 ms/op
WorkloadActual  18: 256 op, 537644000.00 ns, 2.1002 ms/op
WorkloadActual  19: 256 op, 514986900.00 ns, 2.0117 ms/op
WorkloadActual  20: 256 op, 509897000.00 ns, 1.9918 ms/op
WorkloadActual  21: 256 op, 516890200.00 ns, 2.0191 ms/op
WorkloadActual  22: 256 op, 497884400.00 ns, 1.9449 ms/op
WorkloadActual  23: 256 op, 529764200.00 ns, 2.0694 ms/op
WorkloadActual  24: 256 op, 511824300.00 ns, 1.9993 ms/op
WorkloadActual  25: 256 op, 521099300.00 ns, 2.0355 ms/op
WorkloadActual  26: 256 op, 505977900.00 ns, 1.9765 ms/op
WorkloadActual  27: 256 op, 505655000.00 ns, 1.9752 ms/op
WorkloadActual  28: 256 op, 512313300.00 ns, 2.0012 ms/op
WorkloadActual  29: 256 op, 522286000.00 ns, 2.0402 ms/op
WorkloadActual  30: 256 op, 512895500.00 ns, 2.0035 ms/op
WorkloadActual  31: 256 op, 517901000.00 ns, 2.0231 ms/op
WorkloadActual  32: 256 op, 514151100.00 ns, 2.0084 ms/op
WorkloadActual  33: 256 op, 525016200.00 ns, 2.0508 ms/op
WorkloadActual  34: 256 op, 505465600.00 ns, 1.9745 ms/op
WorkloadActual  35: 256 op, 522381000.00 ns, 2.0406 ms/op
WorkloadActual  36: 256 op, 579302200.00 ns, 2.2629 ms/op
WorkloadActual  37: 256 op, 527356100.00 ns, 2.0600 ms/op
WorkloadActual  38: 256 op, 538162700.00 ns, 2.1022 ms/op
WorkloadActual  39: 256 op, 503137500.00 ns, 1.9654 ms/op
WorkloadActual  40: 256 op, 542981900.00 ns, 2.1210 ms/op
WorkloadActual  41: 256 op, 533307400.00 ns, 2.0832 ms/op
WorkloadActual  42: 256 op, 542592700.00 ns, 2.1195 ms/op
WorkloadActual  43: 256 op, 557534700.00 ns, 2.1779 ms/op
WorkloadActual  44: 256 op, 528949600.00 ns, 2.0662 ms/op
WorkloadActual  45: 256 op, 532666700.00 ns, 2.0807 ms/op
WorkloadActual  46: 256 op, 588982100.00 ns, 2.3007 ms/op
WorkloadActual  47: 256 op, 567321500.00 ns, 2.2161 ms/op
WorkloadActual  48: 256 op, 557242600.00 ns, 2.1767 ms/op
WorkloadActual  49: 256 op, 593943800.00 ns, 2.3201 ms/op
WorkloadActual  50: 256 op, 566421100.00 ns, 2.2126 ms/op
WorkloadActual  51: 256 op, 577020800.00 ns, 2.2540 ms/op
WorkloadActual  52: 256 op, 561783700.00 ns, 2.1945 ms/op
WorkloadActual  53: 256 op, 563509200.00 ns, 2.2012 ms/op
WorkloadActual  54: 256 op, 565518400.00 ns, 2.2091 ms/op
WorkloadActual  55: 256 op, 640216900.00 ns, 2.5008 ms/op
WorkloadActual  56: 256 op, 600764200.00 ns, 2.3467 ms/op
WorkloadActual  57: 256 op, 563971800.00 ns, 2.2030 ms/op
WorkloadActual  58: 256 op, 616597500.00 ns, 2.4086 ms/op
WorkloadActual  59: 256 op, 607287800.00 ns, 2.3722 ms/op
WorkloadActual  60: 256 op, 564479000.00 ns, 2.2050 ms/op
WorkloadActual  61: 256 op, 568439800.00 ns, 2.2205 ms/op
WorkloadActual  62: 256 op, 576262700.00 ns, 2.2510 ms/op
WorkloadActual  63: 256 op, 571580100.00 ns, 2.2327 ms/op
WorkloadActual  64: 256 op, 574720700.00 ns, 2.2450 ms/op
WorkloadActual  65: 256 op, 571614400.00 ns, 2.2329 ms/op
WorkloadActual  66: 256 op, 562775700.00 ns, 2.1983 ms/op
WorkloadActual  67: 256 op, 569023200.00 ns, 2.2227 ms/op
WorkloadActual  68: 256 op, 563244400.00 ns, 2.2002 ms/op
WorkloadActual  69: 256 op, 560610900.00 ns, 2.1899 ms/op
WorkloadActual  70: 256 op, 562983900.00 ns, 2.1992 ms/op
WorkloadActual  71: 256 op, 552531500.00 ns, 2.1583 ms/op
WorkloadActual  72: 256 op, 565219600.00 ns, 2.2079 ms/op
WorkloadActual  73: 256 op, 635366500.00 ns, 2.4819 ms/op
WorkloadActual  74: 256 op, 606963200.00 ns, 2.3710 ms/op
WorkloadActual  75: 256 op, 563972900.00 ns, 2.2030 ms/op
WorkloadActual  76: 256 op, 559405400.00 ns, 2.1852 ms/op
WorkloadActual  77: 256 op, 592024100.00 ns, 2.3126 ms/op
WorkloadActual  78: 256 op, 567874300.00 ns, 2.2183 ms/op
WorkloadActual  79: 256 op, 558760100.00 ns, 2.1827 ms/op
WorkloadActual  80: 256 op, 565638000.00 ns, 2.2095 ms/op
WorkloadActual  81: 256 op, 566421700.00 ns, 2.2126 ms/op
WorkloadActual  82: 256 op, 583961300.00 ns, 2.2811 ms/op
WorkloadActual  83: 256 op, 539602800.00 ns, 2.1078 ms/op
WorkloadActual  84: 256 op, 585191500.00 ns, 2.2859 ms/op
WorkloadActual  85: 256 op, 567106800.00 ns, 2.2153 ms/op
WorkloadActual  86: 256 op, 568077700.00 ns, 2.2191 ms/op
WorkloadActual  87: 256 op, 579229700.00 ns, 2.2626 ms/op
WorkloadActual  88: 256 op, 552499100.00 ns, 2.1582 ms/op
WorkloadActual  89: 256 op, 561980000.00 ns, 2.1952 ms/op
WorkloadActual  90: 256 op, 554228800.00 ns, 2.1650 ms/op
WorkloadActual  91: 256 op, 572363900.00 ns, 2.2358 ms/op
WorkloadActual  92: 256 op, 635066800.00 ns, 2.4807 ms/op
WorkloadActual  93: 256 op, 564589400.00 ns, 2.2054 ms/op
WorkloadActual  94: 256 op, 555283200.00 ns, 2.1691 ms/op
WorkloadActual  95: 256 op, 554059300.00 ns, 2.1643 ms/op
WorkloadActual  96: 256 op, 569530400.00 ns, 2.2247 ms/op
WorkloadActual  97: 256 op, 571061700.00 ns, 2.2307 ms/op
WorkloadActual  98: 256 op, 567204300.00 ns, 2.2156 ms/op
WorkloadActual  99: 256 op, 573486600.00 ns, 2.2402 ms/op
WorkloadActual  100: 256 op, 579334000.00 ns, 2.2630 ms/op

// AfterActualRun
WorkloadResult   1: 256 op, 430579200.00 ns, 1.6820 ms/op
WorkloadResult   2: 256 op, 433561100.00 ns, 1.6936 ms/op
WorkloadResult   3: 256 op, 429623700.00 ns, 1.6782 ms/op
WorkloadResult   4: 256 op, 434298300.00 ns, 1.6965 ms/op
WorkloadResult   5: 256 op, 429052900.00 ns, 1.6760 ms/op
WorkloadResult   6: 256 op, 427056500.00 ns, 1.6682 ms/op
WorkloadResult   7: 256 op, 421315300.00 ns, 1.6458 ms/op
WorkloadResult   8: 256 op, 485246200.00 ns, 1.8955 ms/op
WorkloadResult   9: 256 op, 584058500.00 ns, 2.2815 ms/op
WorkloadResult  10: 256 op, 578713100.00 ns, 2.2606 ms/op
WorkloadResult  11: 256 op, 571891400.00 ns, 2.2340 ms/op
WorkloadResult  12: 256 op, 557199000.00 ns, 2.1766 ms/op
WorkloadResult  13: 256 op, 529158500.00 ns, 2.0670 ms/op
WorkloadResult  14: 256 op, 585156100.00 ns, 2.2858 ms/op
WorkloadResult  15: 256 op, 576399600.00 ns, 2.2516 ms/op
WorkloadResult  16: 256 op, 639580600.00 ns, 2.4984 ms/op
WorkloadResult  17: 256 op, 577764900.00 ns, 2.2569 ms/op
WorkloadResult  18: 256 op, 537644000.00 ns, 2.1002 ms/op
WorkloadResult  19: 256 op, 514986900.00 ns, 2.0117 ms/op
WorkloadResult  20: 256 op, 509897000.00 ns, 1.9918 ms/op
WorkloadResult  21: 256 op, 516890200.00 ns, 2.0191 ms/op
WorkloadResult  22: 256 op, 497884400.00 ns, 1.9449 ms/op
WorkloadResult  23: 256 op, 529764200.00 ns, 2.0694 ms/op
WorkloadResult  24: 256 op, 511824300.00 ns, 1.9993 ms/op
WorkloadResult  25: 256 op, 521099300.00 ns, 2.0355 ms/op
WorkloadResult  26: 256 op, 505977900.00 ns, 1.9765 ms/op
WorkloadResult  27: 256 op, 505655000.00 ns, 1.9752 ms/op
WorkloadResult  28: 256 op, 512313300.00 ns, 2.0012 ms/op
WorkloadResult  29: 256 op, 522286000.00 ns, 2.0402 ms/op
WorkloadResult  30: 256 op, 512895500.00 ns, 2.0035 ms/op
WorkloadResult  31: 256 op, 517901000.00 ns, 2.0231 ms/op
WorkloadResult  32: 256 op, 514151100.00 ns, 2.0084 ms/op
WorkloadResult  33: 256 op, 525016200.00 ns, 2.0508 ms/op
WorkloadResult  34: 256 op, 505465600.00 ns, 1.9745 ms/op
WorkloadResult  35: 256 op, 522381000.00 ns, 2.0406 ms/op
WorkloadResult  36: 256 op, 579302200.00 ns, 2.2629 ms/op
WorkloadResult  37: 256 op, 527356100.00 ns, 2.0600 ms/op
WorkloadResult  38: 256 op, 538162700.00 ns, 2.1022 ms/op
WorkloadResult  39: 256 op, 503137500.00 ns, 1.9654 ms/op
WorkloadResult  40: 256 op, 542981900.00 ns, 2.1210 ms/op
WorkloadResult  41: 256 op, 533307400.00 ns, 2.0832 ms/op
WorkloadResult  42: 256 op, 542592700.00 ns, 2.1195 ms/op
WorkloadResult  43: 256 op, 557534700.00 ns, 2.1779 ms/op
WorkloadResult  44: 256 op, 528949600.00 ns, 2.0662 ms/op
WorkloadResult  45: 256 op, 532666700.00 ns, 2.0807 ms/op
WorkloadResult  46: 256 op, 588982100.00 ns, 2.3007 ms/op
WorkloadResult  47: 256 op, 567321500.00 ns, 2.2161 ms/op
WorkloadResult  48: 256 op, 557242600.00 ns, 2.1767 ms/op
WorkloadResult  49: 256 op, 593943800.00 ns, 2.3201 ms/op
WorkloadResult  50: 256 op, 566421100.00 ns, 2.2126 ms/op
WorkloadResult  51: 256 op, 577020800.00 ns, 2.2540 ms/op
WorkloadResult  52: 256 op, 561783700.00 ns, 2.1945 ms/op
WorkloadResult  53: 256 op, 563509200.00 ns, 2.2012 ms/op
WorkloadResult  54: 256 op, 565518400.00 ns, 2.2091 ms/op
WorkloadResult  55: 256 op, 640216900.00 ns, 2.5008 ms/op
WorkloadResult  56: 256 op, 600764200.00 ns, 2.3467 ms/op
WorkloadResult  57: 256 op, 563971800.00 ns, 2.2030 ms/op
WorkloadResult  58: 256 op, 616597500.00 ns, 2.4086 ms/op
WorkloadResult  59: 256 op, 607287800.00 ns, 2.3722 ms/op
WorkloadResult  60: 256 op, 564479000.00 ns, 2.2050 ms/op
WorkloadResult  61: 256 op, 568439800.00 ns, 2.2205 ms/op
WorkloadResult  62: 256 op, 576262700.00 ns, 2.2510 ms/op
WorkloadResult  63: 256 op, 571580100.00 ns, 2.2327 ms/op
WorkloadResult  64: 256 op, 574720700.00 ns, 2.2450 ms/op
WorkloadResult  65: 256 op, 571614400.00 ns, 2.2329 ms/op
WorkloadResult  66: 256 op, 562775700.00 ns, 2.1983 ms/op
WorkloadResult  67: 256 op, 569023200.00 ns, 2.2227 ms/op
WorkloadResult  68: 256 op, 563244400.00 ns, 2.2002 ms/op
WorkloadResult  69: 256 op, 560610900.00 ns, 2.1899 ms/op
WorkloadResult  70: 256 op, 562983900.00 ns, 2.1992 ms/op
WorkloadResult  71: 256 op, 552531500.00 ns, 2.1583 ms/op
WorkloadResult  72: 256 op, 565219600.00 ns, 2.2079 ms/op
WorkloadResult  73: 256 op, 635366500.00 ns, 2.4819 ms/op
WorkloadResult  74: 256 op, 606963200.00 ns, 2.3710 ms/op
WorkloadResult  75: 256 op, 563972900.00 ns, 2.2030 ms/op
WorkloadResult  76: 256 op, 559405400.00 ns, 2.1852 ms/op
WorkloadResult  77: 256 op, 592024100.00 ns, 2.3126 ms/op
WorkloadResult  78: 256 op, 567874300.00 ns, 2.2183 ms/op
WorkloadResult  79: 256 op, 558760100.00 ns, 2.1827 ms/op
WorkloadResult  80: 256 op, 565638000.00 ns, 2.2095 ms/op
WorkloadResult  81: 256 op, 566421700.00 ns, 2.2126 ms/op
WorkloadResult  82: 256 op, 583961300.00 ns, 2.2811 ms/op
WorkloadResult  83: 256 op, 539602800.00 ns, 2.1078 ms/op
WorkloadResult  84: 256 op, 585191500.00 ns, 2.2859 ms/op
WorkloadResult  85: 256 op, 567106800.00 ns, 2.2153 ms/op
WorkloadResult  86: 256 op, 568077700.00 ns, 2.2191 ms/op
WorkloadResult  87: 256 op, 579229700.00 ns, 2.2626 ms/op
WorkloadResult  88: 256 op, 552499100.00 ns, 2.1582 ms/op
WorkloadResult  89: 256 op, 561980000.00 ns, 2.1952 ms/op
WorkloadResult  90: 256 op, 554228800.00 ns, 2.1650 ms/op
WorkloadResult  91: 256 op, 572363900.00 ns, 2.2358 ms/op
WorkloadResult  92: 256 op, 635066800.00 ns, 2.4807 ms/op
WorkloadResult  93: 256 op, 564589400.00 ns, 2.2054 ms/op
WorkloadResult  94: 256 op, 555283200.00 ns, 2.1691 ms/op
WorkloadResult  95: 256 op, 554059300.00 ns, 2.1643 ms/op
WorkloadResult  96: 256 op, 569530400.00 ns, 2.2247 ms/op
WorkloadResult  97: 256 op, 571061700.00 ns, 2.2307 ms/op
WorkloadResult  98: 256 op, 567204300.00 ns, 2.2156 ms/op
WorkloadResult  99: 256 op, 573486600.00 ns, 2.2402 ms/op
WorkloadResult  100: 256 op, 579334000.00 ns, 2.2630 ms/op
// GC:  7 0 0 89656072 256
// Threading:  72169 2 256
// Exceptions:  0,11328125

// AfterAll
// Benchmark Process 16900 has exited with code 0.

Mean = 2.146 ms, StdErr = 0.018 ms (0.83%), N = 100, StdDev = 0.177 ms
Min = 1.646 ms, Q1 = 2.058 ms, Median = 2.199 ms, Q3 = 2.237 ms, Max = 2.501 ms
IQR = 0.179 ms, LowerFence = 1.789 ms, UpperFence = 2.506 ms
ConfidenceInterval = [2.086 ms; 2.206 ms] (CI 99.9%), Margin = 0.060 ms (2.80% of Mean)
Skewness = -0.97, Kurtosis = 4.35, MValue = 2.58

// ** Remained 7 (58,3%) benchmark(s) to run. Estimated finish 2025-05-06 11:21 (0h 4m from now) **
Setup power plan (GUID: 8c5e7fda-e8bf-4a96-9a85-a6e23a8c635c FriendlyName: Hoge prestaties)
// **************************
// Benchmark: PriceBenchmark.'GraphQL CalculatePrice': DefaultJob [ConcurrentRequests=100]
// *** Execute ***
// Launch: 1 / 1
// Execute: dotnet cfba9484-ccb7-4999-96b3-5ec370821695.dll --anonymousPipes 932 880 --benchmarkName "Webshop.Backend.Benchmarks.Price.PriceBenchmark.GraphQL_CalculatePrice(ConcurrentRequests: 100)" --job Default --benchmarkId 5 in C:\HoGent24-25\Bachelorproef\PoC\Bachelorproef\WebshopBachelorproef\Webshop.Backend.Benchmarks\bin\Release\net8.0\cfba9484-ccb7-4999-96b3-5ec370821695\bin\Release\net8.0
// BeforeAnythingElse

// Benchmark Process Environment Information:
// BenchmarkDotNet v0.14.0
// Runtime=.NET 8.0.8 (8.0.824.36612), X64 RyuJIT AVX2
// GC=Concurrent Workstation
// HardwareIntrinsics=AVX2,AES,BMI1,BMI2,FMA,LZCNT,PCLMUL,POPCNT,AvxVnni,SERIALIZE VectorSize=256
// Job: DefaultJob

OverheadJitting  1: 1 op, 132300.00 ns, 132.3000 us/op
WorkloadJitting  1: 1 op, 59163700.00 ns, 59.1637 ms/op

WorkloadPilot    1: 2 op, 12702900.00 ns, 6.3515 ms/op
WorkloadPilot    2: 3 op, 15351700.00 ns, 5.1172 ms/op
WorkloadPilot    3: 4 op, 24359800.00 ns, 6.0900 ms/op
WorkloadPilot    4: 5 op, 25055400.00 ns, 5.0111 ms/op
WorkloadPilot    5: 6 op, 29958700.00 ns, 4.9931 ms/op
WorkloadPilot    6: 7 op, 36130800.00 ns, 5.1615 ms/op
WorkloadPilot    7: 8 op, 46541500.00 ns, 5.8177 ms/op
WorkloadPilot    8: 9 op, 49054500.00 ns, 5.4505 ms/op
WorkloadPilot    9: 10 op, 53449400.00 ns, 5.3449 ms/op
WorkloadPilot   10: 11 op, 58888800.00 ns, 5.3535 ms/op
WorkloadPilot   11: 12 op, 62925100.00 ns, 5.2438 ms/op
WorkloadPilot   12: 13 op, 68953300.00 ns, 5.3041 ms/op
WorkloadPilot   13: 14 op, 72389700.00 ns, 5.1707 ms/op
WorkloadPilot   14: 15 op, 77860500.00 ns, 5.1907 ms/op
WorkloadPilot   15: 16 op, 83155000.00 ns, 5.1972 ms/op
WorkloadPilot   16: 32 op, 168941300.00 ns, 5.2794 ms/op
WorkloadPilot   17: 64 op, 308812100.00 ns, 4.8252 ms/op
WorkloadPilot   18: 128 op, 601336200.00 ns, 4.6979 ms/op

WorkloadWarmup   1: 128 op, 316716900.00 ns, 2.4744 ms/op
WorkloadWarmup   2: 128 op, 350679600.00 ns, 2.7397 ms/op
WorkloadWarmup   3: 128 op, 357925600.00 ns, 2.7963 ms/op
WorkloadWarmup   4: 128 op, 366326600.00 ns, 2.8619 ms/op
WorkloadWarmup   5: 128 op, 351429600.00 ns, 2.7455 ms/op
WorkloadWarmup   6: 128 op, 349329200.00 ns, 2.7291 ms/op
WorkloadWarmup   7: 128 op, 362175800.00 ns, 2.8295 ms/op
WorkloadWarmup   8: 128 op, 392544800.00 ns, 3.0668 ms/op
WorkloadWarmup   9: 128 op, 381086100.00 ns, 2.9772 ms/op

// BeforeActualRun
WorkloadActual   1: 128 op, 367321700.00 ns, 2.8697 ms/op
WorkloadActual   2: 128 op, 357524900.00 ns, 2.7932 ms/op
WorkloadActual   3: 128 op, 351501400.00 ns, 2.7461 ms/op
WorkloadActual   4: 128 op, 359760700.00 ns, 2.8106 ms/op
WorkloadActual   5: 128 op, 354821200.00 ns, 2.7720 ms/op
WorkloadActual   6: 128 op, 359902300.00 ns, 2.8117 ms/op
WorkloadActual   7: 128 op, 361582300.00 ns, 2.8249 ms/op
WorkloadActual   8: 128 op, 398821100.00 ns, 3.1158 ms/op
WorkloadActual   9: 128 op, 405179400.00 ns, 3.1655 ms/op
WorkloadActual  10: 128 op, 401289600.00 ns, 3.1351 ms/op
WorkloadActual  11: 128 op, 397029000.00 ns, 3.1018 ms/op
WorkloadActual  12: 128 op, 393648200.00 ns, 3.0754 ms/op
WorkloadActual  13: 128 op, 395304500.00 ns, 3.0883 ms/op
WorkloadActual  14: 128 op, 406948500.00 ns, 3.1793 ms/op
WorkloadActual  15: 128 op, 399139000.00 ns, 3.1183 ms/op
WorkloadActual  16: 128 op, 404722700.00 ns, 3.1619 ms/op
WorkloadActual  17: 128 op, 398393600.00 ns, 3.1125 ms/op
WorkloadActual  18: 128 op, 393992200.00 ns, 3.0781 ms/op
WorkloadActual  19: 128 op, 411803700.00 ns, 3.2172 ms/op
WorkloadActual  20: 128 op, 404725000.00 ns, 3.1619 ms/op
WorkloadActual  21: 128 op, 416669400.00 ns, 3.2552 ms/op
WorkloadActual  22: 128 op, 419102400.00 ns, 3.2742 ms/op
WorkloadActual  23: 128 op, 418642700.00 ns, 3.2706 ms/op
WorkloadActual  24: 128 op, 423110400.00 ns, 3.3056 ms/op
WorkloadActual  25: 128 op, 443087000.00 ns, 3.4616 ms/op
WorkloadActual  26: 128 op, 435627300.00 ns, 3.4033 ms/op
WorkloadActual  27: 128 op, 433652800.00 ns, 3.3879 ms/op
WorkloadActual  28: 128 op, 426725700.00 ns, 3.3338 ms/op
WorkloadActual  29: 128 op, 414730300.00 ns, 3.2401 ms/op
WorkloadActual  30: 128 op, 409041800.00 ns, 3.1956 ms/op
WorkloadActual  31: 128 op, 409536500.00 ns, 3.1995 ms/op
WorkloadActual  32: 128 op, 421746100.00 ns, 3.2949 ms/op
WorkloadActual  33: 128 op, 406324200.00 ns, 3.1744 ms/op
WorkloadActual  34: 128 op, 398552500.00 ns, 3.1137 ms/op
WorkloadActual  35: 128 op, 396688300.00 ns, 3.0991 ms/op
WorkloadActual  36: 128 op, 401932200.00 ns, 3.1401 ms/op
WorkloadActual  37: 128 op, 406658000.00 ns, 3.1770 ms/op
WorkloadActual  38: 128 op, 400949000.00 ns, 3.1324 ms/op
WorkloadActual  39: 128 op, 400959700.00 ns, 3.1325 ms/op
WorkloadActual  40: 128 op, 395456300.00 ns, 3.0895 ms/op
WorkloadActual  41: 128 op, 398553000.00 ns, 3.1137 ms/op
WorkloadActual  42: 128 op, 397571100.00 ns, 3.1060 ms/op
WorkloadActual  43: 128 op, 397118700.00 ns, 3.1025 ms/op
WorkloadActual  44: 128 op, 409563800.00 ns, 3.1997 ms/op
WorkloadActual  45: 128 op, 404471900.00 ns, 3.1599 ms/op
WorkloadActual  46: 128 op, 399620500.00 ns, 3.1220 ms/op
WorkloadActual  47: 128 op, 402007400.00 ns, 3.1407 ms/op
WorkloadActual  48: 128 op, 399667200.00 ns, 3.1224 ms/op
WorkloadActual  49: 128 op, 390305200.00 ns, 3.0493 ms/op
WorkloadActual  50: 128 op, 398386800.00 ns, 3.1124 ms/op
WorkloadActual  51: 128 op, 399253200.00 ns, 3.1192 ms/op
WorkloadActual  52: 128 op, 409756100.00 ns, 3.2012 ms/op
WorkloadActual  53: 128 op, 423031600.00 ns, 3.3049 ms/op
WorkloadActual  54: 128 op, 416136900.00 ns, 3.2511 ms/op
WorkloadActual  55: 128 op, 398028100.00 ns, 3.1096 ms/op
WorkloadActual  56: 128 op, 398168800.00 ns, 3.1107 ms/op
WorkloadActual  57: 128 op, 399883800.00 ns, 3.1241 ms/op
WorkloadActual  58: 128 op, 393543100.00 ns, 3.0746 ms/op
WorkloadActual  59: 128 op, 412222400.00 ns, 3.2205 ms/op
WorkloadActual  60: 128 op, 386936100.00 ns, 3.0229 ms/op
WorkloadActual  61: 128 op, 393301800.00 ns, 3.0727 ms/op

// AfterActualRun
WorkloadResult   1: 128 op, 367321700.00 ns, 2.8697 ms/op
WorkloadResult   2: 128 op, 357524900.00 ns, 2.7932 ms/op
WorkloadResult   3: 128 op, 351501400.00 ns, 2.7461 ms/op
WorkloadResult   4: 128 op, 359760700.00 ns, 2.8106 ms/op
WorkloadResult   5: 128 op, 354821200.00 ns, 2.7720 ms/op
WorkloadResult   6: 128 op, 359902300.00 ns, 2.8117 ms/op
WorkloadResult   7: 128 op, 361582300.00 ns, 2.8249 ms/op
WorkloadResult   8: 128 op, 398821100.00 ns, 3.1158 ms/op
WorkloadResult   9: 128 op, 405179400.00 ns, 3.1655 ms/op
WorkloadResult  10: 128 op, 401289600.00 ns, 3.1351 ms/op
WorkloadResult  11: 128 op, 397029000.00 ns, 3.1018 ms/op
WorkloadResult  12: 128 op, 393648200.00 ns, 3.0754 ms/op
WorkloadResult  13: 128 op, 395304500.00 ns, 3.0883 ms/op
WorkloadResult  14: 128 op, 406948500.00 ns, 3.1793 ms/op
WorkloadResult  15: 128 op, 399139000.00 ns, 3.1183 ms/op
WorkloadResult  16: 128 op, 404722700.00 ns, 3.1619 ms/op
WorkloadResult  17: 128 op, 398393600.00 ns, 3.1125 ms/op
WorkloadResult  18: 128 op, 393992200.00 ns, 3.0781 ms/op
WorkloadResult  19: 128 op, 411803700.00 ns, 3.2172 ms/op
WorkloadResult  20: 128 op, 404725000.00 ns, 3.1619 ms/op
WorkloadResult  21: 128 op, 416669400.00 ns, 3.2552 ms/op
WorkloadResult  22: 128 op, 419102400.00 ns, 3.2742 ms/op
WorkloadResult  23: 128 op, 418642700.00 ns, 3.2706 ms/op
WorkloadResult  24: 128 op, 423110400.00 ns, 3.3056 ms/op
WorkloadResult  25: 128 op, 426725700.00 ns, 3.3338 ms/op
WorkloadResult  26: 128 op, 414730300.00 ns, 3.2401 ms/op
WorkloadResult  27: 128 op, 409041800.00 ns, 3.1956 ms/op
WorkloadResult  28: 128 op, 409536500.00 ns, 3.1995 ms/op
WorkloadResult  29: 128 op, 421746100.00 ns, 3.2949 ms/op
WorkloadResult  30: 128 op, 406324200.00 ns, 3.1744 ms/op
WorkloadResult  31: 128 op, 398552500.00 ns, 3.1137 ms/op
WorkloadResult  32: 128 op, 396688300.00 ns, 3.0991 ms/op
WorkloadResult  33: 128 op, 401932200.00 ns, 3.1401 ms/op
WorkloadResult  34: 128 op, 406658000.00 ns, 3.1770 ms/op
WorkloadResult  35: 128 op, 400949000.00 ns, 3.1324 ms/op
WorkloadResult  36: 128 op, 400959700.00 ns, 3.1325 ms/op
WorkloadResult  37: 128 op, 395456300.00 ns, 3.0895 ms/op
WorkloadResult  38: 128 op, 398553000.00 ns, 3.1137 ms/op
WorkloadResult  39: 128 op, 397571100.00 ns, 3.1060 ms/op
WorkloadResult  40: 128 op, 397118700.00 ns, 3.1025 ms/op
WorkloadResult  41: 128 op, 409563800.00 ns, 3.1997 ms/op
WorkloadResult  42: 128 op, 404471900.00 ns, 3.1599 ms/op
WorkloadResult  43: 128 op, 399620500.00 ns, 3.1220 ms/op
WorkloadResult  44: 128 op, 402007400.00 ns, 3.1407 ms/op
WorkloadResult  45: 128 op, 399667200.00 ns, 3.1224 ms/op
WorkloadResult  46: 128 op, 390305200.00 ns, 3.0493 ms/op
WorkloadResult  47: 128 op, 398386800.00 ns, 3.1124 ms/op
WorkloadResult  48: 128 op, 399253200.00 ns, 3.1192 ms/op
WorkloadResult  49: 128 op, 409756100.00 ns, 3.2012 ms/op
WorkloadResult  50: 128 op, 423031600.00 ns, 3.3049 ms/op
WorkloadResult  51: 128 op, 416136900.00 ns, 3.2511 ms/op
WorkloadResult  52: 128 op, 398028100.00 ns, 3.1096 ms/op
WorkloadResult  53: 128 op, 398168800.00 ns, 3.1107 ms/op
WorkloadResult  54: 128 op, 399883800.00 ns, 3.1241 ms/op
WorkloadResult  55: 128 op, 393543100.00 ns, 3.0746 ms/op
WorkloadResult  56: 128 op, 412222400.00 ns, 3.2205 ms/op
WorkloadResult  57: 128 op, 386936100.00 ns, 3.0229 ms/op
WorkloadResult  58: 128 op, 393301800.00 ns, 3.0727 ms/op
// GC:  4 0 0 53717976 128
// Threading:  40614 2 128
// Exceptions:  0,4296875

// AfterAll
// Benchmark Process 23976 has exited with code 0.

Mean = 3.114 ms, StdErr = 0.018 ms (0.57%), N = 58, StdDev = 0.135 ms
Min = 2.746 ms, Q1 = 3.092 ms, Median = 3.122 ms, Q3 = 3.192 ms, Max = 3.334 ms
IQR = 0.100 ms, LowerFence = 2.942 ms, UpperFence = 3.341 ms
ConfidenceInterval = [3.052 ms; 3.175 ms] (CI 99.9%), Margin = 0.061 ms (1.97% of Mean)
Skewness = -1.17, Kurtosis = 4.11, MValue = 2

// ** Remained 6 (50,0%) benchmark(s) to run. Estimated finish 2025-05-06 11:21 (0h 3m from now) **
Setup power plan (GUID: 8c5e7fda-e8bf-4a96-9a85-a6e23a8c635c FriendlyName: Hoge prestaties)
// **************************
// Benchmark: PriceBenchmark.'SignalR CalculatePrice': DefaultJob [ConcurrentRequests=100]
// *** Execute ***
// Launch: 1 / 1
// Execute: dotnet cfba9484-ccb7-4999-96b3-5ec370821695.dll --anonymousPipes 2604 2708 --benchmarkName "Webshop.Backend.Benchmarks.Price.PriceBenchmark.SignalR_CalculatePrice(ConcurrentRequests: 100)" --job Default --benchmarkId 6 in C:\HoGent24-25\Bachelorproef\PoC\Bachelorproef\WebshopBachelorproef\Webshop.Backend.Benchmarks\bin\Release\net8.0\cfba9484-ccb7-4999-96b3-5ec370821695\bin\Release\net8.0
// BeforeAnythingElse

// Benchmark Process Environment Information:
// BenchmarkDotNet v0.14.0
// Runtime=.NET 8.0.8 (8.0.824.36612), X64 RyuJIT AVX2
// GC=Concurrent Workstation
// HardwareIntrinsics=AVX2,AES,BMI1,BMI2,FMA,LZCNT,PCLMUL,POPCNT,AvxVnni,SERIALIZE VectorSize=256
// Job: DefaultJob

OverheadJitting  1: 1 op, 165000.00 ns, 165.0000 us/op
WorkloadJitting  1: 1 op, 288247100.00 ns, 288.2471 ms/op

WorkloadPilot    1: 2 op, 531432700.00 ns, 265.7164 ms/op

WorkloadWarmup   1: 2 op, 523109700.00 ns, 261.5549 ms/op
WorkloadWarmup   2: 2 op, 548332600.00 ns, 274.1663 ms/op
WorkloadWarmup   3: 2 op, 484946400.00 ns, 242.4732 ms/op
WorkloadWarmup   4: 2 op, 523009100.00 ns, 261.5046 ms/op
WorkloadWarmup   5: 2 op, 489692700.00 ns, 244.8464 ms/op
WorkloadWarmup   6: 2 op, 534225600.00 ns, 267.1128 ms/op

// BeforeActualRun
WorkloadActual   1: 2 op, 522634200.00 ns, 261.3171 ms/op
WorkloadActual   2: 2 op, 498890700.00 ns, 249.4454 ms/op
WorkloadActual   3: 2 op, 513828600.00 ns, 256.9143 ms/op
WorkloadActual   4: 2 op, 522304900.00 ns, 261.1525 ms/op
WorkloadActual   5: 2 op, 542979100.00 ns, 271.4896 ms/op
WorkloadActual   6: 2 op, 496155700.00 ns, 248.0779 ms/op
WorkloadActual   7: 2 op, 492720800.00 ns, 246.3604 ms/op
WorkloadActual   8: 2 op, 504954400.00 ns, 252.4772 ms/op
WorkloadActual   9: 2 op, 534204300.00 ns, 267.1022 ms/op
WorkloadActual  10: 2 op, 517139200.00 ns, 258.5696 ms/op
WorkloadActual  11: 2 op, 524221000.00 ns, 262.1105 ms/op
WorkloadActual  12: 2 op, 496255400.00 ns, 248.1277 ms/op
WorkloadActual  13: 2 op, 495701300.00 ns, 247.8507 ms/op
WorkloadActual  14: 2 op, 491405700.00 ns, 245.7029 ms/op
WorkloadActual  15: 2 op, 493718200.00 ns, 246.8591 ms/op
WorkloadActual  16: 2 op, 483902700.00 ns, 241.9514 ms/op
WorkloadActual  17: 2 op, 477513400.00 ns, 238.7567 ms/op
WorkloadActual  18: 2 op, 491349800.00 ns, 245.6749 ms/op
WorkloadActual  19: 2 op, 489006000.00 ns, 244.5030 ms/op
WorkloadActual  20: 2 op, 501276200.00 ns, 250.6381 ms/op
WorkloadActual  21: 2 op, 514927100.00 ns, 257.4636 ms/op
WorkloadActual  22: 2 op, 514292600.00 ns, 257.1463 ms/op
WorkloadActual  23: 2 op, 514309600.00 ns, 257.1548 ms/op
WorkloadActual  24: 2 op, 492512800.00 ns, 246.2564 ms/op
WorkloadActual  25: 2 op, 511996400.00 ns, 255.9982 ms/op
WorkloadActual  26: 2 op, 544160900.00 ns, 272.0805 ms/op
WorkloadActual  27: 2 op, 513763400.00 ns, 256.8817 ms/op
WorkloadActual  28: 2 op, 521430000.00 ns, 260.7150 ms/op
WorkloadActual  29: 2 op, 514405500.00 ns, 257.2028 ms/op
WorkloadActual  30: 2 op, 508043500.00 ns, 254.0218 ms/op
WorkloadActual  31: 2 op, 487304800.00 ns, 243.6524 ms/op
WorkloadActual  32: 2 op, 495820200.00 ns, 247.9101 ms/op
WorkloadActual  33: 2 op, 482921700.00 ns, 241.4609 ms/op
WorkloadActual  34: 2 op, 484405700.00 ns, 242.2029 ms/op
WorkloadActual  35: 2 op, 481490500.00 ns, 240.7453 ms/op
WorkloadActual  36: 2 op, 482234400.00 ns, 241.1172 ms/op
WorkloadActual  37: 2 op, 480839400.00 ns, 240.4197 ms/op
WorkloadActual  38: 2 op, 484283700.00 ns, 242.1419 ms/op
WorkloadActual  39: 2 op, 486258500.00 ns, 243.1293 ms/op
WorkloadActual  40: 2 op, 488211900.00 ns, 244.1060 ms/op

// AfterActualRun
WorkloadResult   1: 2 op, 522634200.00 ns, 261.3171 ms/op
WorkloadResult   2: 2 op, 498890700.00 ns, 249.4454 ms/op
WorkloadResult   3: 2 op, 513828600.00 ns, 256.9143 ms/op
WorkloadResult   4: 2 op, 522304900.00 ns, 261.1525 ms/op
WorkloadResult   5: 2 op, 542979100.00 ns, 271.4896 ms/op
WorkloadResult   6: 2 op, 496155700.00 ns, 248.0779 ms/op
WorkloadResult   7: 2 op, 492720800.00 ns, 246.3604 ms/op
WorkloadResult   8: 2 op, 504954400.00 ns, 252.4772 ms/op
WorkloadResult   9: 2 op, 534204300.00 ns, 267.1022 ms/op
WorkloadResult  10: 2 op, 517139200.00 ns, 258.5696 ms/op
WorkloadResult  11: 2 op, 524221000.00 ns, 262.1105 ms/op
WorkloadResult  12: 2 op, 496255400.00 ns, 248.1277 ms/op
WorkloadResult  13: 2 op, 495701300.00 ns, 247.8507 ms/op
WorkloadResult  14: 2 op, 491405700.00 ns, 245.7029 ms/op
WorkloadResult  15: 2 op, 493718200.00 ns, 246.8591 ms/op
WorkloadResult  16: 2 op, 483902700.00 ns, 241.9514 ms/op
WorkloadResult  17: 2 op, 477513400.00 ns, 238.7567 ms/op
WorkloadResult  18: 2 op, 491349800.00 ns, 245.6749 ms/op
WorkloadResult  19: 2 op, 489006000.00 ns, 244.5030 ms/op
WorkloadResult  20: 2 op, 501276200.00 ns, 250.6381 ms/op
WorkloadResult  21: 2 op, 514927100.00 ns, 257.4636 ms/op
WorkloadResult  22: 2 op, 514292600.00 ns, 257.1463 ms/op
WorkloadResult  23: 2 op, 514309600.00 ns, 257.1548 ms/op
WorkloadResult  24: 2 op, 492512800.00 ns, 246.2564 ms/op
WorkloadResult  25: 2 op, 511996400.00 ns, 255.9982 ms/op
WorkloadResult  26: 2 op, 544160900.00 ns, 272.0805 ms/op
WorkloadResult  27: 2 op, 513763400.00 ns, 256.8817 ms/op
WorkloadResult  28: 2 op, 521430000.00 ns, 260.7150 ms/op
WorkloadResult  29: 2 op, 514405500.00 ns, 257.2028 ms/op
WorkloadResult  30: 2 op, 508043500.00 ns, 254.0218 ms/op
WorkloadResult  31: 2 op, 487304800.00 ns, 243.6524 ms/op
WorkloadResult  32: 2 op, 495820200.00 ns, 247.9101 ms/op
WorkloadResult  33: 2 op, 482921700.00 ns, 241.4609 ms/op
WorkloadResult  34: 2 op, 484405700.00 ns, 242.2029 ms/op
WorkloadResult  35: 2 op, 481490500.00 ns, 240.7453 ms/op
WorkloadResult  36: 2 op, 482234400.00 ns, 241.1172 ms/op
WorkloadResult  37: 2 op, 480839400.00 ns, 240.4197 ms/op
WorkloadResult  38: 2 op, 484283700.00 ns, 242.1419 ms/op
WorkloadResult  39: 2 op, 486258500.00 ns, 243.1293 ms/op
WorkloadResult  40: 2 op, 488211900.00 ns, 244.1060 ms/op
// GC:  0 0 0 682168 2
// Threading:  1003 0 2
// Exceptions:  100

// AfterAll
// Benchmark Process 22952 has exited with code 0.

Mean = 251.172 ms, StdErr = 1.392 ms (0.55%), N = 40, StdDev = 8.806 ms
Min = 238.757 ms, Q1 = 243.993 ms, Median = 248.103 ms, Q3 = 257.167 ms, Max = 272.080 ms
IQR = 13.174 ms, LowerFence = 224.231 ms, UpperFence = 276.928 ms
ConfidenceInterval = [246.218 ms; 256.126 ms] (CI 99.9%), Margin = 4.954 ms (1.97% of Mean)
Skewness = 0.61, Kurtosis = 2.43, MValue = 2.94

// ** Remained 5 (41,7%) benchmark(s) to run. Estimated finish 2025-05-06 11:20 (0h 2m from now) **
Setup power plan (GUID: 8c5e7fda-e8bf-4a96-9a85-a6e23a8c635c FriendlyName: Hoge prestaties)
// **************************
// Benchmark: PriceBenchmark.'WebSocket CalculatePrice': DefaultJob [ConcurrentRequests=100]
// *** Execute ***
// Launch: 1 / 1
// Execute: dotnet cfba9484-ccb7-4999-96b3-5ec370821695.dll --anonymousPipes 2260 2392 --benchmarkName "Webshop.Backend.Benchmarks.Price.PriceBenchmark.WebSocket_CalculatePrice(ConcurrentRequests: 100)" --job Default --benchmarkId 7 in C:\HoGent24-25\Bachelorproef\PoC\Bachelorproef\WebshopBachelorproef\Webshop.Backend.Benchmarks\bin\Release\net8.0\cfba9484-ccb7-4999-96b3-5ec370821695\bin\Release\net8.0
// BeforeAnythingElse

// Benchmark Process Environment Information:
// BenchmarkDotNet v0.14.0
// Runtime=.NET 8.0.8 (8.0.824.36612), X64 RyuJIT AVX2
// GC=Concurrent Workstation
// HardwareIntrinsics=AVX2,AES,BMI1,BMI2,FMA,LZCNT,PCLMUL,POPCNT,AvxVnni,SERIALIZE VectorSize=256
// Job: DefaultJob

OverheadJitting  1: 1 op, 136600.00 ns, 136.6000 us/op
WorkloadJitting  1: 1 op, 115250500.00 ns, 115.2505 ms/op

WorkloadPilot    1: 2 op, 133856600.00 ns, 66.9283 ms/op
WorkloadPilot    2: 3 op, 186867800.00 ns, 62.2893 ms/op
WorkloadPilot    3: 4 op, 261665800.00 ns, 65.4165 ms/op
WorkloadPilot    4: 5 op, 322116700.00 ns, 64.4233 ms/op
WorkloadPilot    5: 6 op, 390471300.00 ns, 65.0786 ms/op
WorkloadPilot    6: 7 op, 447291800.00 ns, 63.8988 ms/op
WorkloadPilot    7: 8 op, 527326700.00 ns, 65.9158 ms/op

WorkloadWarmup   1: 8 op, 523951500.00 ns, 65.4939 ms/op
WorkloadWarmup   2: 8 op, 502687500.00 ns, 62.8359 ms/op
WorkloadWarmup   3: 8 op, 492550700.00 ns, 61.5688 ms/op
WorkloadWarmup   4: 8 op, 493289600.00 ns, 61.6612 ms/op
WorkloadWarmup   5: 8 op, 484169300.00 ns, 60.5212 ms/op
WorkloadWarmup   6: 8 op, 492244400.00 ns, 61.5306 ms/op
WorkloadWarmup   7: 8 op, 478150700.00 ns, 59.7688 ms/op

// BeforeActualRun
WorkloadActual   1: 8 op, 483341900.00 ns, 60.4177 ms/op
WorkloadActual   2: 8 op, 486193800.00 ns, 60.7742 ms/op
WorkloadActual   3: 8 op, 489240000.00 ns, 61.1550 ms/op
WorkloadActual   4: 8 op, 499431300.00 ns, 62.4289 ms/op
WorkloadActual   5: 8 op, 513277200.00 ns, 64.1597 ms/op
WorkloadActual   6: 8 op, 508471900.00 ns, 63.5590 ms/op
WorkloadActual   7: 8 op, 522586500.00 ns, 65.3233 ms/op
WorkloadActual   8: 8 op, 518746500.00 ns, 64.8433 ms/op
WorkloadActual   9: 8 op, 536786500.00 ns, 67.0983 ms/op
WorkloadActual  10: 8 op, 514112600.00 ns, 64.2641 ms/op
WorkloadActual  11: 8 op, 517900200.00 ns, 64.7375 ms/op
WorkloadActual  12: 8 op, 519185600.00 ns, 64.8982 ms/op
WorkloadActual  13: 8 op, 516418100.00 ns, 64.5523 ms/op
WorkloadActual  14: 8 op, 523451000.00 ns, 65.4314 ms/op
WorkloadActual  15: 8 op, 525420800.00 ns, 65.6776 ms/op
WorkloadActual  16: 8 op, 531618400.00 ns, 66.4523 ms/op
WorkloadActual  17: 8 op, 507114700.00 ns, 63.3893 ms/op
WorkloadActual  18: 8 op, 513691700.00 ns, 64.2115 ms/op
WorkloadActual  19: 8 op, 519383400.00 ns, 64.9229 ms/op
WorkloadActual  20: 8 op, 523133700.00 ns, 65.3917 ms/op
WorkloadActual  21: 8 op, 520356500.00 ns, 65.0446 ms/op
WorkloadActual  22: 8 op, 520849000.00 ns, 65.1061 ms/op
WorkloadActual  23: 8 op, 524662000.00 ns, 65.5828 ms/op
WorkloadActual  24: 8 op, 504528300.00 ns, 63.0660 ms/op
WorkloadActual  25: 8 op, 511842600.00 ns, 63.9803 ms/op

// AfterActualRun
WorkloadResult   1: 8 op, 483341900.00 ns, 60.4177 ms/op
WorkloadResult   2: 8 op, 486193800.00 ns, 60.7742 ms/op
WorkloadResult   3: 8 op, 489240000.00 ns, 61.1550 ms/op
WorkloadResult   4: 8 op, 499431300.00 ns, 62.4289 ms/op
WorkloadResult   5: 8 op, 513277200.00 ns, 64.1597 ms/op
WorkloadResult   6: 8 op, 508471900.00 ns, 63.5590 ms/op
WorkloadResult   7: 8 op, 522586500.00 ns, 65.3233 ms/op
WorkloadResult   8: 8 op, 518746500.00 ns, 64.8433 ms/op
WorkloadResult   9: 8 op, 536786500.00 ns, 67.0983 ms/op
WorkloadResult  10: 8 op, 514112600.00 ns, 64.2641 ms/op
WorkloadResult  11: 8 op, 517900200.00 ns, 64.7375 ms/op
WorkloadResult  12: 8 op, 519185600.00 ns, 64.8982 ms/op
WorkloadResult  13: 8 op, 516418100.00 ns, 64.5523 ms/op
WorkloadResult  14: 8 op, 523451000.00 ns, 65.4314 ms/op
WorkloadResult  15: 8 op, 525420800.00 ns, 65.6776 ms/op
WorkloadResult  16: 8 op, 531618400.00 ns, 66.4523 ms/op
WorkloadResult  17: 8 op, 507114700.00 ns, 63.3893 ms/op
WorkloadResult  18: 8 op, 513691700.00 ns, 64.2115 ms/op
WorkloadResult  19: 8 op, 519383400.00 ns, 64.9229 ms/op
WorkloadResult  20: 8 op, 523133700.00 ns, 65.3917 ms/op
WorkloadResult  21: 8 op, 520356500.00 ns, 65.0446 ms/op
WorkloadResult  22: 8 op, 520849000.00 ns, 65.1061 ms/op
WorkloadResult  23: 8 op, 524662000.00 ns, 65.5828 ms/op
WorkloadResult  24: 8 op, 504528300.00 ns, 63.0660 ms/op
WorkloadResult  25: 8 op, 511842600.00 ns, 63.9803 ms/op
// GC:  2 1 0 19883968 8
// Threading:  12168 0 8

// AfterAll
// Benchmark Process 10176 has exited with code 0.

Mean = 64.259 ms, StdErr = 0.331 ms (0.52%), N = 25, StdDev = 1.657 ms
Min = 60.418 ms, Q1 = 63.559 ms, Median = 64.738 ms, Q3 = 65.323 ms, Max = 67.098 ms
IQR = 1.764 ms, LowerFence = 60.913 ms, UpperFence = 67.970 ms
ConfidenceInterval = [63.017 ms; 65.500 ms] (CI 99.9%), Margin = 1.241 ms (1.93% of Mean)
Skewness = -0.82, Kurtosis = 3.04, MValue = 2

// ** Remained 4 (33,3%) benchmark(s) to run. Estimated finish 2025-05-06 11:20 (0h 2m from now) **
Setup power plan (GUID: 8c5e7fda-e8bf-4a96-9a85-a6e23a8c635c FriendlyName: Hoge prestaties)
// **************************
// Benchmark: PriceBenchmark.'REST CalculatePrice': DefaultJob [ConcurrentRequests=200]
// *** Execute ***
// Launch: 1 / 1
// Execute: dotnet cfba9484-ccb7-4999-96b3-5ec370821695.dll --anonymousPipes 1380 2704 --benchmarkName "Webshop.Backend.Benchmarks.Price.PriceBenchmark.Rest_CalculatePrice(ConcurrentRequests: 200)" --job Default --benchmarkId 8 in C:\HoGent24-25\Bachelorproef\PoC\Bachelorproef\WebshopBachelorproef\Webshop.Backend.Benchmarks\bin\Release\net8.0\cfba9484-ccb7-4999-96b3-5ec370821695\bin\Release\net8.0
// BeforeAnythingElse

// Benchmark Process Environment Information:
// BenchmarkDotNet v0.14.0
// Runtime=.NET 8.0.8 (8.0.824.36612), X64 RyuJIT AVX2
// GC=Concurrent Workstation
// HardwareIntrinsics=AVX2,AES,BMI1,BMI2,FMA,LZCNT,PCLMUL,POPCNT,AvxVnni,SERIALIZE VectorSize=256
// Job: DefaultJob

OverheadJitting  1: 1 op, 160800.00 ns, 160.8000 us/op
WorkloadJitting  1: 1 op, 67311700.00 ns, 67.3117 ms/op

WorkloadPilot    1: 2 op, 20803900.00 ns, 10.4020 ms/op
WorkloadPilot    2: 3 op, 25980800.00 ns, 8.6603 ms/op
WorkloadPilot    3: 4 op, 34925600.00 ns, 8.7314 ms/op
WorkloadPilot    4: 5 op, 40294800.00 ns, 8.0590 ms/op
WorkloadPilot    5: 6 op, 47320400.00 ns, 7.8867 ms/op
WorkloadPilot    6: 7 op, 55493900.00 ns, 7.9277 ms/op
WorkloadPilot    7: 8 op, 67593800.00 ns, 8.4492 ms/op
WorkloadPilot    8: 9 op, 74808200.00 ns, 8.3120 ms/op
WorkloadPilot    9: 10 op, 81394800.00 ns, 8.1395 ms/op
WorkloadPilot   10: 11 op, 90017100.00 ns, 8.1834 ms/op
WorkloadPilot   11: 12 op, 95218700.00 ns, 7.9349 ms/op
WorkloadPilot   12: 13 op, 105235100.00 ns, 8.0950 ms/op
WorkloadPilot   13: 14 op, 109653600.00 ns, 7.8324 ms/op
WorkloadPilot   14: 15 op, 115697300.00 ns, 7.7132 ms/op
WorkloadPilot   15: 16 op, 124151300.00 ns, 7.7595 ms/op
WorkloadPilot   16: 32 op, 205555900.00 ns, 6.4236 ms/op
WorkloadPilot   17: 64 op, 278601800.00 ns, 4.3532 ms/op
WorkloadPilot   18: 128 op, 432799800.00 ns, 3.3812 ms/op
WorkloadPilot   19: 256 op, 852256800.00 ns, 3.3291 ms/op

WorkloadWarmup   1: 256 op, 885126700.00 ns, 3.4575 ms/op
WorkloadWarmup   2: 256 op, 976791000.00 ns, 3.8156 ms/op
WorkloadWarmup   3: 256 op, 919931400.00 ns, 3.5935 ms/op
WorkloadWarmup   4: 256 op, 1016462800.00 ns, 3.9706 ms/op
WorkloadWarmup   5: 256 op, 961682300.00 ns, 3.7566 ms/op
WorkloadWarmup   6: 256 op, 1050503200.00 ns, 4.1035 ms/op

// BeforeActualRun
WorkloadActual   1: 256 op, 998629200.00 ns, 3.9009 ms/op
WorkloadActual   2: 256 op, 959771700.00 ns, 3.7491 ms/op
WorkloadActual   3: 256 op, 950056600.00 ns, 3.7112 ms/op
WorkloadActual   4: 256 op, 976274300.00 ns, 3.8136 ms/op
WorkloadActual   5: 256 op, 965596700.00 ns, 3.7719 ms/op
WorkloadActual   6: 256 op, 952711000.00 ns, 3.7215 ms/op
WorkloadActual   7: 256 op, 1043375500.00 ns, 4.0757 ms/op
WorkloadActual   8: 256 op, 982756300.00 ns, 3.8389 ms/op
WorkloadActual   9: 256 op, 982293000.00 ns, 3.8371 ms/op
WorkloadActual  10: 256 op, 990775800.00 ns, 3.8702 ms/op
WorkloadActual  11: 256 op, 1013546800.00 ns, 3.9592 ms/op
WorkloadActual  12: 256 op, 1037800600.00 ns, 4.0539 ms/op
WorkloadActual  13: 256 op, 982424900.00 ns, 3.8376 ms/op
WorkloadActual  14: 256 op, 988353300.00 ns, 3.8608 ms/op
WorkloadActual  15: 256 op, 965073800.00 ns, 3.7698 ms/op
WorkloadActual  16: 256 op, 967916800.00 ns, 3.7809 ms/op
WorkloadActual  17: 256 op, 1018754300.00 ns, 3.9795 ms/op
WorkloadActual  18: 256 op, 1042745100.00 ns, 4.0732 ms/op
WorkloadActual  19: 256 op, 1005163500.00 ns, 3.9264 ms/op
WorkloadActual  20: 256 op, 1099110600.00 ns, 4.2934 ms/op
WorkloadActual  21: 256 op, 1113910700.00 ns, 4.3512 ms/op
WorkloadActual  22: 256 op, 1150898000.00 ns, 4.4957 ms/op
WorkloadActual  23: 256 op, 1093182200.00 ns, 4.2702 ms/op
WorkloadActual  24: 256 op, 1093785100.00 ns, 4.2726 ms/op
WorkloadActual  25: 256 op, 1092219500.00 ns, 4.2665 ms/op
WorkloadActual  26: 256 op, 1093684200.00 ns, 4.2722 ms/op
WorkloadActual  27: 256 op, 1161122700.00 ns, 4.5356 ms/op
WorkloadActual  28: 256 op, 1114665600.00 ns, 4.3542 ms/op
WorkloadActual  29: 256 op, 1195757100.00 ns, 4.6709 ms/op
WorkloadActual  30: 256 op, 1114285300.00 ns, 4.3527 ms/op
WorkloadActual  31: 256 op, 1098875200.00 ns, 4.2925 ms/op
WorkloadActual  32: 256 op, 1134870000.00 ns, 4.4331 ms/op
WorkloadActual  33: 256 op, 1116509500.00 ns, 4.3614 ms/op
WorkloadActual  34: 256 op, 1090463400.00 ns, 4.2596 ms/op
WorkloadActual  35: 256 op, 1094930200.00 ns, 4.2771 ms/op
WorkloadActual  36: 256 op, 1220200700.00 ns, 4.7664 ms/op
WorkloadActual  37: 256 op, 1173081700.00 ns, 4.5824 ms/op
WorkloadActual  38: 256 op, 1092553200.00 ns, 4.2678 ms/op
WorkloadActual  39: 256 op, 1151946400.00 ns, 4.4998 ms/op
WorkloadActual  40: 256 op, 1165091300.00 ns, 4.5511 ms/op
WorkloadActual  41: 256 op, 1218489900.00 ns, 4.7597 ms/op
WorkloadActual  42: 256 op, 1155773300.00 ns, 4.5147 ms/op
WorkloadActual  43: 256 op, 1120798300.00 ns, 4.3781 ms/op
WorkloadActual  44: 256 op, 1144366400.00 ns, 4.4702 ms/op
WorkloadActual  45: 256 op, 1167460600.00 ns, 4.5604 ms/op
WorkloadActual  46: 256 op, 1266505900.00 ns, 4.9473 ms/op
WorkloadActual  47: 256 op, 1138128300.00 ns, 4.4458 ms/op
WorkloadActual  48: 256 op, 1183410300.00 ns, 4.6227 ms/op
WorkloadActual  49: 256 op, 1088043100.00 ns, 4.2502 ms/op
WorkloadActual  50: 256 op, 1129413400.00 ns, 4.4118 ms/op
WorkloadActual  51: 256 op, 1079537600.00 ns, 4.2169 ms/op
WorkloadActual  52: 256 op, 1051270500.00 ns, 4.1065 ms/op
WorkloadActual  53: 256 op, 1054301700.00 ns, 4.1184 ms/op
WorkloadActual  54: 256 op, 1062861100.00 ns, 4.1518 ms/op
WorkloadActual  55: 256 op, 1136039900.00 ns, 4.4377 ms/op
WorkloadActual  56: 256 op, 1169722900.00 ns, 4.5692 ms/op
WorkloadActual  57: 256 op, 1261605300.00 ns, 4.9281 ms/op
WorkloadActual  58: 256 op, 1148463400.00 ns, 4.4862 ms/op
WorkloadActual  59: 256 op, 1158167600.00 ns, 4.5241 ms/op
WorkloadActual  60: 256 op, 1220237400.00 ns, 4.7666 ms/op
WorkloadActual  61: 256 op, 1062168800.00 ns, 4.1491 ms/op
WorkloadActual  62: 256 op, 1043427700.00 ns, 4.0759 ms/op
WorkloadActual  63: 256 op, 1037864900.00 ns, 4.0542 ms/op
WorkloadActual  64: 256 op, 1127773900.00 ns, 4.4054 ms/op
WorkloadActual  65: 256 op, 1130554900.00 ns, 4.4162 ms/op
WorkloadActual  66: 256 op, 1038845900.00 ns, 4.0580 ms/op
WorkloadActual  67: 256 op, 1046962100.00 ns, 4.0897 ms/op
WorkloadActual  68: 256 op, 1061811100.00 ns, 4.1477 ms/op
WorkloadActual  69: 256 op, 1045563300.00 ns, 4.0842 ms/op
WorkloadActual  70: 256 op, 1061371100.00 ns, 4.1460 ms/op
WorkloadActual  71: 256 op, 1058867900.00 ns, 4.1362 ms/op
WorkloadActual  72: 256 op, 1072343200.00 ns, 4.1888 ms/op
WorkloadActual  73: 256 op, 1064514200.00 ns, 4.1583 ms/op
WorkloadActual  74: 256 op, 1126050000.00 ns, 4.3986 ms/op
WorkloadActual  75: 256 op, 1113327000.00 ns, 4.3489 ms/op
WorkloadActual  76: 256 op, 1061433800.00 ns, 4.1462 ms/op
WorkloadActual  77: 256 op, 1117358800.00 ns, 4.3647 ms/op
WorkloadActual  78: 256 op, 1069996200.00 ns, 4.1797 ms/op
WorkloadActual  79: 256 op, 1094818800.00 ns, 4.2766 ms/op
WorkloadActual  80: 256 op, 1063264600.00 ns, 4.1534 ms/op
WorkloadActual  81: 256 op, 1085509100.00 ns, 4.2403 ms/op
WorkloadActual  82: 256 op, 1057580800.00 ns, 4.1312 ms/op
WorkloadActual  83: 256 op, 1056280200.00 ns, 4.1261 ms/op
WorkloadActual  84: 256 op, 1168415200.00 ns, 4.5641 ms/op
WorkloadActual  85: 256 op, 1047742400.00 ns, 4.0927 ms/op
WorkloadActual  86: 256 op, 1126474600.00 ns, 4.4003 ms/op
WorkloadActual  87: 256 op, 1038459800.00 ns, 4.0565 ms/op
WorkloadActual  88: 256 op, 1030963400.00 ns, 4.0272 ms/op
WorkloadActual  89: 256 op, 1035046100.00 ns, 4.0431 ms/op
WorkloadActual  90: 256 op, 1040952900.00 ns, 4.0662 ms/op
WorkloadActual  91: 256 op, 1054127700.00 ns, 4.1177 ms/op
WorkloadActual  92: 256 op, 1028948200.00 ns, 4.0193 ms/op
WorkloadActual  93: 256 op, 1062841100.00 ns, 4.1517 ms/op
WorkloadActual  94: 256 op, 1137475000.00 ns, 4.4433 ms/op
WorkloadActual  95: 256 op, 1075244900.00 ns, 4.2002 ms/op
WorkloadActual  96: 256 op, 1045611700.00 ns, 4.0844 ms/op
WorkloadActual  97: 256 op, 1036151400.00 ns, 4.0475 ms/op
WorkloadActual  98: 256 op, 1047232400.00 ns, 4.0908 ms/op
WorkloadActual  99: 256 op, 1044984000.00 ns, 4.0820 ms/op
WorkloadActual  100: 256 op, 1068920300.00 ns, 4.1755 ms/op

// AfterActualRun
WorkloadResult   1: 256 op, 998629200.00 ns, 3.9009 ms/op
WorkloadResult   2: 256 op, 959771700.00 ns, 3.7491 ms/op
WorkloadResult   3: 256 op, 950056600.00 ns, 3.7112 ms/op
WorkloadResult   4: 256 op, 976274300.00 ns, 3.8136 ms/op
WorkloadResult   5: 256 op, 965596700.00 ns, 3.7719 ms/op
WorkloadResult   6: 256 op, 952711000.00 ns, 3.7215 ms/op
WorkloadResult   7: 256 op, 1043375500.00 ns, 4.0757 ms/op
WorkloadResult   8: 256 op, 982756300.00 ns, 3.8389 ms/op
WorkloadResult   9: 256 op, 982293000.00 ns, 3.8371 ms/op
WorkloadResult  10: 256 op, 990775800.00 ns, 3.8702 ms/op
WorkloadResult  11: 256 op, 1013546800.00 ns, 3.9592 ms/op
WorkloadResult  12: 256 op, 1037800600.00 ns, 4.0539 ms/op
WorkloadResult  13: 256 op, 982424900.00 ns, 3.8376 ms/op
WorkloadResult  14: 256 op, 988353300.00 ns, 3.8608 ms/op
WorkloadResult  15: 256 op, 965073800.00 ns, 3.7698 ms/op
WorkloadResult  16: 256 op, 967916800.00 ns, 3.7809 ms/op
WorkloadResult  17: 256 op, 1018754300.00 ns, 3.9795 ms/op
WorkloadResult  18: 256 op, 1042745100.00 ns, 4.0732 ms/op
WorkloadResult  19: 256 op, 1005163500.00 ns, 3.9264 ms/op
WorkloadResult  20: 256 op, 1099110600.00 ns, 4.2934 ms/op
WorkloadResult  21: 256 op, 1113910700.00 ns, 4.3512 ms/op
WorkloadResult  22: 256 op, 1150898000.00 ns, 4.4957 ms/op
WorkloadResult  23: 256 op, 1093182200.00 ns, 4.2702 ms/op
WorkloadResult  24: 256 op, 1093785100.00 ns, 4.2726 ms/op
WorkloadResult  25: 256 op, 1092219500.00 ns, 4.2665 ms/op
WorkloadResult  26: 256 op, 1093684200.00 ns, 4.2722 ms/op
WorkloadResult  27: 256 op, 1161122700.00 ns, 4.5356 ms/op
WorkloadResult  28: 256 op, 1114665600.00 ns, 4.3542 ms/op
WorkloadResult  29: 256 op, 1195757100.00 ns, 4.6709 ms/op
WorkloadResult  30: 256 op, 1114285300.00 ns, 4.3527 ms/op
WorkloadResult  31: 256 op, 1098875200.00 ns, 4.2925 ms/op
WorkloadResult  32: 256 op, 1134870000.00 ns, 4.4331 ms/op
WorkloadResult  33: 256 op, 1116509500.00 ns, 4.3614 ms/op
WorkloadResult  34: 256 op, 1090463400.00 ns, 4.2596 ms/op
WorkloadResult  35: 256 op, 1094930200.00 ns, 4.2771 ms/op
WorkloadResult  36: 256 op, 1220200700.00 ns, 4.7664 ms/op
WorkloadResult  37: 256 op, 1173081700.00 ns, 4.5824 ms/op
WorkloadResult  38: 256 op, 1092553200.00 ns, 4.2678 ms/op
WorkloadResult  39: 256 op, 1151946400.00 ns, 4.4998 ms/op
WorkloadResult  40: 256 op, 1165091300.00 ns, 4.5511 ms/op
WorkloadResult  41: 256 op, 1218489900.00 ns, 4.7597 ms/op
WorkloadResult  42: 256 op, 1155773300.00 ns, 4.5147 ms/op
WorkloadResult  43: 256 op, 1120798300.00 ns, 4.3781 ms/op
WorkloadResult  44: 256 op, 1144366400.00 ns, 4.4702 ms/op
WorkloadResult  45: 256 op, 1167460600.00 ns, 4.5604 ms/op
WorkloadResult  46: 256 op, 1138128300.00 ns, 4.4458 ms/op
WorkloadResult  47: 256 op, 1183410300.00 ns, 4.6227 ms/op
WorkloadResult  48: 256 op, 1088043100.00 ns, 4.2502 ms/op
WorkloadResult  49: 256 op, 1129413400.00 ns, 4.4118 ms/op
WorkloadResult  50: 256 op, 1079537600.00 ns, 4.2169 ms/op
WorkloadResult  51: 256 op, 1051270500.00 ns, 4.1065 ms/op
WorkloadResult  52: 256 op, 1054301700.00 ns, 4.1184 ms/op
WorkloadResult  53: 256 op, 1062861100.00 ns, 4.1518 ms/op
WorkloadResult  54: 256 op, 1136039900.00 ns, 4.4377 ms/op
WorkloadResult  55: 256 op, 1169722900.00 ns, 4.5692 ms/op
WorkloadResult  56: 256 op, 1148463400.00 ns, 4.4862 ms/op
WorkloadResult  57: 256 op, 1158167600.00 ns, 4.5241 ms/op
WorkloadResult  58: 256 op, 1220237400.00 ns, 4.7666 ms/op
WorkloadResult  59: 256 op, 1062168800.00 ns, 4.1491 ms/op
WorkloadResult  60: 256 op, 1043427700.00 ns, 4.0759 ms/op
WorkloadResult  61: 256 op, 1037864900.00 ns, 4.0542 ms/op
WorkloadResult  62: 256 op, 1127773900.00 ns, 4.4054 ms/op
WorkloadResult  63: 256 op, 1130554900.00 ns, 4.4162 ms/op
WorkloadResult  64: 256 op, 1038845900.00 ns, 4.0580 ms/op
WorkloadResult  65: 256 op, 1046962100.00 ns, 4.0897 ms/op
WorkloadResult  66: 256 op, 1061811100.00 ns, 4.1477 ms/op
WorkloadResult  67: 256 op, 1045563300.00 ns, 4.0842 ms/op
WorkloadResult  68: 256 op, 1061371100.00 ns, 4.1460 ms/op
WorkloadResult  69: 256 op, 1058867900.00 ns, 4.1362 ms/op
WorkloadResult  70: 256 op, 1072343200.00 ns, 4.1888 ms/op
WorkloadResult  71: 256 op, 1064514200.00 ns, 4.1583 ms/op
WorkloadResult  72: 256 op, 1126050000.00 ns, 4.3986 ms/op
WorkloadResult  73: 256 op, 1113327000.00 ns, 4.3489 ms/op
WorkloadResult  74: 256 op, 1061433800.00 ns, 4.1462 ms/op
WorkloadResult  75: 256 op, 1117358800.00 ns, 4.3647 ms/op
WorkloadResult  76: 256 op, 1069996200.00 ns, 4.1797 ms/op
WorkloadResult  77: 256 op, 1094818800.00 ns, 4.2766 ms/op
WorkloadResult  78: 256 op, 1063264600.00 ns, 4.1534 ms/op
WorkloadResult  79: 256 op, 1085509100.00 ns, 4.2403 ms/op
WorkloadResult  80: 256 op, 1057580800.00 ns, 4.1312 ms/op
WorkloadResult  81: 256 op, 1056280200.00 ns, 4.1261 ms/op
WorkloadResult  82: 256 op, 1168415200.00 ns, 4.5641 ms/op
WorkloadResult  83: 256 op, 1047742400.00 ns, 4.0927 ms/op
WorkloadResult  84: 256 op, 1126474600.00 ns, 4.4003 ms/op
WorkloadResult  85: 256 op, 1038459800.00 ns, 4.0565 ms/op
WorkloadResult  86: 256 op, 1030963400.00 ns, 4.0272 ms/op
WorkloadResult  87: 256 op, 1035046100.00 ns, 4.0431 ms/op
WorkloadResult  88: 256 op, 1040952900.00 ns, 4.0662 ms/op
WorkloadResult  89: 256 op, 1054127700.00 ns, 4.1177 ms/op
WorkloadResult  90: 256 op, 1028948200.00 ns, 4.0193 ms/op
WorkloadResult  91: 256 op, 1062841100.00 ns, 4.1517 ms/op
WorkloadResult  92: 256 op, 1137475000.00 ns, 4.4433 ms/op
WorkloadResult  93: 256 op, 1075244900.00 ns, 4.2002 ms/op
WorkloadResult  94: 256 op, 1045611700.00 ns, 4.0844 ms/op
WorkloadResult  95: 256 op, 1036151400.00 ns, 4.0475 ms/op
WorkloadResult  96: 256 op, 1047232400.00 ns, 4.0908 ms/op
WorkloadResult  97: 256 op, 1044984000.00 ns, 4.0820 ms/op
WorkloadResult  98: 256 op, 1068920300.00 ns, 4.1755 ms/op
// GC:  14 1 0 179100280 256
// Threading:  145753 2 256

// AfterAll
// Benchmark Process 6476 has exited with code 0.

Mean = 4.213 ms, StdErr = 0.025 ms (0.60%), N = 98, StdDev = 0.248 ms
Min = 3.711 ms, Q1 = 4.068 ms, Median = 4.178 ms, Q3 = 4.400 ms, Max = 4.767 ms
IQR = 0.332 ms, LowerFence = 3.570 ms, UpperFence = 4.898 ms
ConfidenceInterval = [4.128 ms; 4.298 ms] (CI 99.9%), Margin = 0.085 ms (2.02% of Mean)
Skewness = 0.07, Kurtosis = 2.48, MValue = 2.25

// ** Remained 3 (25,0%) benchmark(s) to run. Estimated finish 2025-05-06 11:22 (0h 2m from now) **
Setup power plan (GUID: 8c5e7fda-e8bf-4a96-9a85-a6e23a8c635c FriendlyName: Hoge prestaties)
// **************************
// Benchmark: PriceBenchmark.'GraphQL CalculatePrice': DefaultJob [ConcurrentRequests=200]
// *** Execute ***
// Launch: 1 / 1
// Execute: dotnet cfba9484-ccb7-4999-96b3-5ec370821695.dll --anonymousPipes 2772 2360 --benchmarkName "Webshop.Backend.Benchmarks.Price.PriceBenchmark.GraphQL_CalculatePrice(ConcurrentRequests: 200)" --job Default --benchmarkId 9 in C:\HoGent24-25\Bachelorproef\PoC\Bachelorproef\WebshopBachelorproef\Webshop.Backend.Benchmarks\bin\Release\net8.0\cfba9484-ccb7-4999-96b3-5ec370821695\bin\Release\net8.0
// BeforeAnythingElse

// Benchmark Process Environment Information:
// BenchmarkDotNet v0.14.0
// Runtime=.NET 8.0.8 (8.0.824.36612), X64 RyuJIT AVX2
// GC=Concurrent Workstation
// HardwareIntrinsics=AVX2,AES,BMI1,BMI2,FMA,LZCNT,PCLMUL,POPCNT,AvxVnni,SERIALIZE VectorSize=256
// Job: DefaultJob

OverheadJitting  1: 1 op, 125700.00 ns, 125.7000 us/op
WorkloadJitting  1: 1 op, 86989700.00 ns, 86.9897 ms/op

WorkloadPilot    1: 2 op, 19725200.00 ns, 9.8626 ms/op
WorkloadPilot    2: 3 op, 31051700.00 ns, 10.3506 ms/op
WorkloadPilot    3: 4 op, 39745400.00 ns, 9.9364 ms/op
WorkloadPilot    4: 5 op, 53736000.00 ns, 10.7472 ms/op
WorkloadPilot    5: 6 op, 63369400.00 ns, 10.5616 ms/op
WorkloadPilot    6: 7 op, 167910600.00 ns, 23.9872 ms/op
WorkloadPilot    7: 8 op, 83414700.00 ns, 10.4268 ms/op
WorkloadPilot    8: 9 op, 93596700.00 ns, 10.3996 ms/op
WorkloadPilot    9: 10 op, 85928000.00 ns, 8.5928 ms/op
WorkloadPilot   10: 11 op, 83912100.00 ns, 7.6284 ms/op
WorkloadPilot   11: 12 op, 83720600.00 ns, 6.9767 ms/op
WorkloadPilot   12: 13 op, 72555900.00 ns, 5.5812 ms/op
WorkloadPilot   13: 14 op, 85075200.00 ns, 6.0768 ms/op
WorkloadPilot   14: 15 op, 93888100.00 ns, 6.2592 ms/op
WorkloadPilot   15: 16 op, 105003800.00 ns, 6.5627 ms/op
WorkloadPilot   16: 32 op, 213995800.00 ns, 6.6874 ms/op
WorkloadPilot   17: 64 op, 399363400.00 ns, 6.2401 ms/op
WorkloadPilot   18: 128 op, 745395200.00 ns, 5.8234 ms/op

WorkloadWarmup   1: 128 op, 733673800.00 ns, 5.7318 ms/op
WorkloadWarmup   2: 128 op, 697116300.00 ns, 5.4462 ms/op
WorkloadWarmup   3: 128 op, 707873800.00 ns, 5.5303 ms/op
WorkloadWarmup   4: 128 op, 702582600.00 ns, 5.4889 ms/op
WorkloadWarmup   5: 128 op, 689948300.00 ns, 5.3902 ms/op
WorkloadWarmup   6: 128 op, 687505900.00 ns, 5.3711 ms/op
WorkloadWarmup   7: 128 op, 708396500.00 ns, 5.5343 ms/op
WorkloadWarmup   8: 128 op, 773427900.00 ns, 6.0424 ms/op
WorkloadWarmup   9: 128 op, 766443900.00 ns, 5.9878 ms/op

// BeforeActualRun
WorkloadActual   1: 128 op, 777312100.00 ns, 6.0728 ms/op
WorkloadActual   2: 128 op, 791102100.00 ns, 6.1805 ms/op
WorkloadActual   3: 128 op, 768996800.00 ns, 6.0078 ms/op
WorkloadActual   4: 128 op, 765595000.00 ns, 5.9812 ms/op
WorkloadActual   5: 128 op, 769302500.00 ns, 6.0102 ms/op
WorkloadActual   6: 128 op, 822328400.00 ns, 6.4244 ms/op
WorkloadActual   7: 128 op, 768331400.00 ns, 6.0026 ms/op
WorkloadActual   8: 128 op, 751933800.00 ns, 5.8745 ms/op
WorkloadActual   9: 128 op, 769497500.00 ns, 6.0117 ms/op
WorkloadActual  10: 128 op, 797451500.00 ns, 6.2301 ms/op
WorkloadActual  11: 128 op, 803685400.00 ns, 6.2788 ms/op
WorkloadActual  12: 128 op, 804228300.00 ns, 6.2830 ms/op
WorkloadActual  13: 128 op, 798103700.00 ns, 6.2352 ms/op
WorkloadActual  14: 128 op, 800560600.00 ns, 6.2544 ms/op
WorkloadActual  15: 128 op, 808040000.00 ns, 6.3128 ms/op
WorkloadActual  16: 128 op, 783079900.00 ns, 6.1178 ms/op
WorkloadActual  17: 128 op, 761424800.00 ns, 5.9486 ms/op
WorkloadActual  18: 128 op, 767569000.00 ns, 5.9966 ms/op
WorkloadActual  19: 128 op, 810890800.00 ns, 6.3351 ms/op
WorkloadActual  20: 128 op, 801647400.00 ns, 6.2629 ms/op
WorkloadActual  21: 128 op, 765476500.00 ns, 5.9803 ms/op
WorkloadActual  22: 128 op, 759520800.00 ns, 5.9338 ms/op
WorkloadActual  23: 128 op, 769590300.00 ns, 6.0124 ms/op
WorkloadActual  24: 128 op, 765151300.00 ns, 5.9777 ms/op

// AfterActualRun
WorkloadResult   1: 128 op, 777312100.00 ns, 6.0728 ms/op
WorkloadResult   2: 128 op, 791102100.00 ns, 6.1805 ms/op
WorkloadResult   3: 128 op, 768996800.00 ns, 6.0078 ms/op
WorkloadResult   4: 128 op, 765595000.00 ns, 5.9812 ms/op
WorkloadResult   5: 128 op, 769302500.00 ns, 6.0102 ms/op
WorkloadResult   6: 128 op, 822328400.00 ns, 6.4244 ms/op
WorkloadResult   7: 128 op, 768331400.00 ns, 6.0026 ms/op
WorkloadResult   8: 128 op, 751933800.00 ns, 5.8745 ms/op
WorkloadResult   9: 128 op, 769497500.00 ns, 6.0117 ms/op
WorkloadResult  10: 128 op, 797451500.00 ns, 6.2301 ms/op
WorkloadResult  11: 128 op, 803685400.00 ns, 6.2788 ms/op
WorkloadResult  12: 128 op, 804228300.00 ns, 6.2830 ms/op
WorkloadResult  13: 128 op, 798103700.00 ns, 6.2352 ms/op
WorkloadResult  14: 128 op, 800560600.00 ns, 6.2544 ms/op
WorkloadResult  15: 128 op, 808040000.00 ns, 6.3128 ms/op
WorkloadResult  16: 128 op, 783079900.00 ns, 6.1178 ms/op
WorkloadResult  17: 128 op, 761424800.00 ns, 5.9486 ms/op
WorkloadResult  18: 128 op, 767569000.00 ns, 5.9966 ms/op
WorkloadResult  19: 128 op, 810890800.00 ns, 6.3351 ms/op
WorkloadResult  20: 128 op, 801647400.00 ns, 6.2629 ms/op
WorkloadResult  21: 128 op, 765476500.00 ns, 5.9803 ms/op
WorkloadResult  22: 128 op, 759520800.00 ns, 5.9338 ms/op
WorkloadResult  23: 128 op, 769590300.00 ns, 6.0124 ms/op
WorkloadResult  24: 128 op, 765151300.00 ns, 5.9777 ms/op
// GC:  8 1 0 103258744 128
// Threading:  78109 0 128

// AfterAll
// Benchmark Process 44500 has exited with code 0.

Mean = 6.114 ms, StdErr = 0.032 ms (0.52%), N = 24, StdDev = 0.156 ms
Min = 5.874 ms, Q1 = 5.993 ms, Median = 6.043 ms, Q3 = 6.257 ms, Max = 6.424 ms
IQR = 0.264 ms, LowerFence = 5.597 ms, UpperFence = 6.652 ms
ConfidenceInterval = [5.994 ms; 6.233 ms] (CI 99.9%), Margin = 0.120 ms (1.96% of Mean)
Skewness = 0.33, Kurtosis = 1.64, MValue = 2.83

// ** Remained 2 (16,7%) benchmark(s) to run. Estimated finish 2025-05-06 11:22 (0h 1m from now) **
Setup power plan (GUID: 8c5e7fda-e8bf-4a96-9a85-a6e23a8c635c FriendlyName: Hoge prestaties)
// **************************
// Benchmark: PriceBenchmark.'SignalR CalculatePrice': DefaultJob [ConcurrentRequests=200]
// *** Execute ***
// Launch: 1 / 1
// Execute: dotnet cfba9484-ccb7-4999-96b3-5ec370821695.dll --anonymousPipes 2760 2752 --benchmarkName "Webshop.Backend.Benchmarks.Price.PriceBenchmark.SignalR_CalculatePrice(ConcurrentRequests: 200)" --job Default --benchmarkId 10 in C:\HoGent24-25\Bachelorproef\PoC\Bachelorproef\WebshopBachelorproef\Webshop.Backend.Benchmarks\bin\Release\net8.0\cfba9484-ccb7-4999-96b3-5ec370821695\bin\Release\net8.0
// BeforeAnythingElse

// Benchmark Process Environment Information:
// BenchmarkDotNet v0.14.0
// Runtime=.NET 8.0.8 (8.0.824.36612), X64 RyuJIT AVX2
// GC=Concurrent Workstation
// HardwareIntrinsics=AVX2,AES,BMI1,BMI2,FMA,LZCNT,PCLMUL,POPCNT,AvxVnni,SERIALIZE VectorSize=256
// Job: DefaultJob

OverheadJitting  1: 1 op, 130000.00 ns, 130.0000 us/op
WorkloadJitting  1: 1 op, 541737400.00 ns, 541.7374 ms/op

OverheadJitting  2: 1 op, 600.00 ns, 600.0000 ns/op
WorkloadJitting  2: 1 op, 522735800.00 ns, 522.7358 ms/op

WorkloadWarmup   1: 1 op, 512420600.00 ns, 512.4206 ms/op
WorkloadWarmup   2: 1 op, 535780400.00 ns, 535.7804 ms/op
WorkloadWarmup   3: 1 op, 502495400.00 ns, 502.4954 ms/op
WorkloadWarmup   4: 1 op, 493705900.00 ns, 493.7059 ms/op
WorkloadWarmup   5: 1 op, 495577700.00 ns, 495.5777 ms/op
WorkloadWarmup   6: 1 op, 506589200.00 ns, 506.5892 ms/op
WorkloadWarmup   7: 1 op, 516780200.00 ns, 516.7802 ms/op
WorkloadWarmup   8: 1 op, 499941100.00 ns, 499.9411 ms/op

// BeforeActualRun
WorkloadActual   1: 1 op, 530669100.00 ns, 530.6691 ms/op
WorkloadActual   2: 1 op, 494833200.00 ns, 494.8332 ms/op
WorkloadActual   3: 1 op, 506214100.00 ns, 506.2141 ms/op
WorkloadActual   4: 1 op, 502553100.00 ns, 502.5531 ms/op
WorkloadActual   5: 1 op, 504667900.00 ns, 504.6679 ms/op
WorkloadActual   6: 1 op, 507032200.00 ns, 507.0322 ms/op
WorkloadActual   7: 1 op, 504160600.00 ns, 504.1606 ms/op
WorkloadActual   8: 1 op, 520194800.00 ns, 520.1948 ms/op
WorkloadActual   9: 1 op, 489510000.00 ns, 489.5100 ms/op
WorkloadActual  10: 1 op, 506313700.00 ns, 506.3137 ms/op
WorkloadActual  11: 1 op, 483483300.00 ns, 483.4833 ms/op
WorkloadActual  12: 1 op, 511162200.00 ns, 511.1622 ms/op
WorkloadActual  13: 1 op, 495241100.00 ns, 495.2411 ms/op
WorkloadActual  14: 1 op, 506894100.00 ns, 506.8941 ms/op
WorkloadActual  15: 1 op, 493279500.00 ns, 493.2795 ms/op
WorkloadActual  16: 1 op, 504777600.00 ns, 504.7776 ms/op

// AfterActualRun
WorkloadResult   1: 1 op, 494833200.00 ns, 494.8332 ms/op
WorkloadResult   2: 1 op, 506214100.00 ns, 506.2141 ms/op
WorkloadResult   3: 1 op, 502553100.00 ns, 502.5531 ms/op
WorkloadResult   4: 1 op, 504667900.00 ns, 504.6679 ms/op
WorkloadResult   5: 1 op, 507032200.00 ns, 507.0322 ms/op
WorkloadResult   6: 1 op, 504160600.00 ns, 504.1606 ms/op
WorkloadResult   7: 1 op, 520194800.00 ns, 520.1948 ms/op
WorkloadResult   8: 1 op, 489510000.00 ns, 489.5100 ms/op
WorkloadResult   9: 1 op, 506313700.00 ns, 506.3137 ms/op
WorkloadResult  10: 1 op, 483483300.00 ns, 483.4833 ms/op
WorkloadResult  11: 1 op, 511162200.00 ns, 511.1622 ms/op
WorkloadResult  12: 1 op, 495241100.00 ns, 495.2411 ms/op
WorkloadResult  13: 1 op, 506894100.00 ns, 506.8941 ms/op
WorkloadResult  14: 1 op, 493279500.00 ns, 493.2795 ms/op
WorkloadResult  15: 1 op, 504777600.00 ns, 504.7776 ms/op
// GC:  0 0 0 681320 1
// Threading:  1001 0 1
// Exceptions:  200

// AfterAll
// Benchmark Process 18892 has exited with code 0.

Mean = 502.021 ms, StdErr = 2.383 ms (0.47%), N = 15, StdDev = 9.229 ms
Min = 483.483 ms, Q1 = 495.037 ms, Median = 504.668 ms, Q3 = 506.604 ms, Max = 520.195 ms
IQR = 11.567 ms, LowerFence = 477.687 ms, UpperFence = 523.954 ms
ConfidenceInterval = [492.155 ms; 511.887 ms] (CI 99.9%), Margin = 9.866 ms (1.97% of Mean)
Skewness = -0.21, Kurtosis = 2.49, MValue = 2

// ** Remained 1 (8,3%) benchmark(s) to run. Estimated finish 2025-05-06 11:21 (0h 0m from now) **
Setup power plan (GUID: 8c5e7fda-e8bf-4a96-9a85-a6e23a8c635c FriendlyName: Hoge prestaties)
// **************************
// Benchmark: PriceBenchmark.'WebSocket CalculatePrice': DefaultJob [ConcurrentRequests=200]
// *** Execute ***
// Launch: 1 / 1
// Execute: dotnet cfba9484-ccb7-4999-96b3-5ec370821695.dll --anonymousPipes 2752 2360 --benchmarkName "Webshop.Backend.Benchmarks.Price.PriceBenchmark.WebSocket_CalculatePrice(ConcurrentRequests: 200)" --job Default --benchmarkId 11 in C:\HoGent24-25\Bachelorproef\PoC\Bachelorproef\WebshopBachelorproef\Webshop.Backend.Benchmarks\bin\Release\net8.0\cfba9484-ccb7-4999-96b3-5ec370821695\bin\Release\net8.0
// BeforeAnythingElse

// Benchmark Process Environment Information:
// BenchmarkDotNet v0.14.0
// Runtime=.NET 8.0.8 (8.0.824.36612), X64 RyuJIT AVX2
// GC=Concurrent Workstation
// HardwareIntrinsics=AVX2,AES,BMI1,BMI2,FMA,LZCNT,PCLMUL,POPCNT,AvxVnni,SERIALIZE VectorSize=256
// Job: DefaultJob

OverheadJitting  1: 1 op, 127800.00 ns, 127.8000 us/op
WorkloadJitting  1: 1 op, 169112500.00 ns, 169.1125 ms/op

WorkloadPilot    1: 2 op, 256497100.00 ns, 128.2486 ms/op
WorkloadPilot    2: 3 op, 376249100.00 ns, 125.4164 ms/op
WorkloadPilot    3: 4 op, 479539800.00 ns, 119.8850 ms/op
WorkloadPilot    4: 5 op, 898718400.00 ns, 179.7437 ms/op

WorkloadWarmup   1: 5 op, 599077400.00 ns, 119.8155 ms/op
WorkloadWarmup   2: 5 op, 581501500.00 ns, 116.3003 ms/op
WorkloadWarmup   3: 5 op, 600934600.00 ns, 120.1869 ms/op
WorkloadWarmup   4: 5 op, 610017000.00 ns, 122.0034 ms/op
WorkloadWarmup   5: 5 op, 584255200.00 ns, 116.8510 ms/op
WorkloadWarmup   6: 5 op, 584122300.00 ns, 116.8245 ms/op
WorkloadWarmup   7: 5 op, 582757100.00 ns, 116.5514 ms/op
WorkloadWarmup   8: 5 op, 584524100.00 ns, 116.9048 ms/op
WorkloadWarmup   9: 5 op, 586535700.00 ns, 117.3071 ms/op
WorkloadWarmup  10: 5 op, 609863900.00 ns, 121.9728 ms/op
WorkloadWarmup  11: 5 op, 608994600.00 ns, 121.7989 ms/op

// BeforeActualRun
WorkloadActual   1: 5 op, 604012700.00 ns, 120.8025 ms/op
WorkloadActual   2: 5 op, 607996400.00 ns, 121.5993 ms/op
WorkloadActual   3: 5 op, 614536400.00 ns, 122.9073 ms/op
WorkloadActual   4: 5 op, 605947600.00 ns, 121.1895 ms/op
WorkloadActual   5: 5 op, 613448900.00 ns, 122.6898 ms/op
WorkloadActual   6: 5 op, 629176300.00 ns, 125.8353 ms/op
WorkloadActual   7: 5 op, 633767300.00 ns, 126.7535 ms/op
WorkloadActual   8: 5 op, 613712700.00 ns, 122.7425 ms/op
WorkloadActual   9: 5 op, 610060500.00 ns, 122.0121 ms/op
WorkloadActual  10: 5 op, 618554100.00 ns, 123.7108 ms/op
WorkloadActual  11: 5 op, 616726000.00 ns, 123.3452 ms/op
WorkloadActual  12: 5 op, 615448700.00 ns, 123.0897 ms/op
WorkloadActual  13: 5 op, 623309000.00 ns, 124.6618 ms/op
WorkloadActual  14: 5 op, 619563200.00 ns, 123.9126 ms/op
WorkloadActual  15: 5 op, 618643900.00 ns, 123.7288 ms/op

// AfterActualRun
WorkloadResult   1: 5 op, 604012700.00 ns, 120.8025 ms/op
WorkloadResult   2: 5 op, 607996400.00 ns, 121.5993 ms/op
WorkloadResult   3: 5 op, 614536400.00 ns, 122.9073 ms/op
WorkloadResult   4: 5 op, 605947600.00 ns, 121.1895 ms/op
WorkloadResult   5: 5 op, 613448900.00 ns, 122.6898 ms/op
WorkloadResult   6: 5 op, 629176300.00 ns, 125.8353 ms/op
WorkloadResult   7: 5 op, 613712700.00 ns, 122.7425 ms/op
WorkloadResult   8: 5 op, 610060500.00 ns, 122.0121 ms/op
WorkloadResult   9: 5 op, 618554100.00 ns, 123.7108 ms/op
WorkloadResult  10: 5 op, 616726000.00 ns, 123.3452 ms/op
WorkloadResult  11: 5 op, 615448700.00 ns, 123.0897 ms/op
WorkloadResult  12: 5 op, 623309000.00 ns, 124.6618 ms/op
WorkloadResult  13: 5 op, 619563200.00 ns, 123.9126 ms/op
WorkloadResult  14: 5 op, 618643900.00 ns, 123.7288 ms/op
// GC:  2 1 0 24782400 5
// Threading:  15166 0 5
// Exceptions:  0,2

// AfterAll
// Benchmark Process 41352 has exited with code 0.

Mean = 123.016 ms, StdErr = 0.363 ms (0.30%), N = 14, StdDev = 1.359 ms
Min = 120.803 ms, Q1 = 122.182 ms, Median = 122.999 ms, Q3 = 123.724 ms, Max = 125.835 ms
IQR = 1.543 ms, LowerFence = 119.867 ms, UpperFence = 126.038 ms
ConfidenceInterval = [121.483 ms; 124.549 ms] (CI 99.9%), Margin = 1.533 ms (1.25% of Mean)
Skewness = 0.21, Kurtosis = 2.34, MValue = 2

// ** Remained 0 (0,0%) benchmark(s) to run. Estimated finish 2025-05-06 11:21 (0h 0m from now) **
Successfully reverted power plan (GUID: 8c5e7fda-e8bf-4a96-9a85-a6e23a8c635c FriendlyName: Hoge prestaties)
// ***** BenchmarkRunner: Finish  *****

// * Export *
  BenchmarkDotNet.Artifacts\results\Webshop.Backend.Benchmarks.Price.PriceBenchmark-report.csv
  BenchmarkDotNet.Artifacts\results\Webshop.Backend.Benchmarks.Price.PriceBenchmark-report-github.md
  BenchmarkDotNet.Artifacts\results\Webshop.Backend.Benchmarks.Price.PriceBenchmark-report.html

// * Detailed results *
PriceBenchmark.'REST CalculatePrice': DefaultJob [ConcurrentRequests=50]
Runtime = .NET 8.0.8 (8.0.824.36612), X64 RyuJIT AVX2; GC = Concurrent Workstation
Mean = 1.190 ms, StdErr = 0.014 ms (1.16%), N = 98, StdDev = 0.136 ms
Min = 0.871 ms, Q1 = 1.210 ms, Median = 1.237 ms, Q3 = 1.271 ms, Max = 1.338 ms
IQR = 0.061 ms, LowerFence = 1.118 ms, UpperFence = 1.363 ms
ConfidenceInterval = [1.144 ms; 1.237 ms] (CI 99.9%), Margin = 0.047 ms (3.93% of Mean)
Skewness = -1.53, Kurtosis = 3.76, MValue = 2
-------------------- Histogram --------------------
[0.869 ms ; 0.946 ms) | @@@@@@@@@@@@@@
[0.946 ms ; 0.999 ms) | @@@
[0.999 ms ; 1.077 ms) | 
[1.077 ms ; 1.157 ms) | 
[1.157 ms ; 1.217 ms) | @@@@@@@@@@
[1.217 ms ; 1.294 ms) | @@@@@@@@@@@@@@@@@@@@@@@@@@@@@@@@@@@@@@@@@@@@@@@@@@@@@@@@@@@@@@@
[1.294 ms ; 1.376 ms) | @@@@@@@@
---------------------------------------------------

PriceBenchmark.'GraphQL CalculatePrice': DefaultJob [ConcurrentRequests=50]
Runtime = .NET 8.0.8 (8.0.824.36612), X64 RyuJIT AVX2; GC = Concurrent Workstation
Mean = 1.641 ms, StdErr = 0.013 ms (0.81%), N = 97, StdDev = 0.132 ms
Min = 1.275 ms, Q1 = 1.609 ms, Median = 1.650 ms, Q3 = 1.710 ms, Max = 1.872 ms
IQR = 0.101 ms, LowerFence = 1.457 ms, UpperFence = 1.862 ms
ConfidenceInterval = [1.595 ms; 1.686 ms] (CI 99.9%), Margin = 0.045 ms (2.77% of Mean)
Skewness = -1.28, Kurtosis = 4.9, MValue = 2.79
-------------------- Histogram --------------------
[1.273 ms ; 1.348 ms) | @@@@@@@@@
[1.348 ms ; 1.424 ms) | 
[1.424 ms ; 1.499 ms) | 
[1.499 ms ; 1.533 ms) | 
[1.533 ms ; 1.600 ms) | @@@@@@@@
[1.600 ms ; 1.675 ms) | @@@@@@@@@@@@@@@@@@@@@@@@@@@@@@@@@@@@@@@@@@@@@
[1.675 ms ; 1.760 ms) | @@@@@@@@@@@@@@@@@@@@@@
[1.760 ms ; 1.841 ms) | @@@@@@@@@
[1.841 ms ; 1.909 ms) | @@@@
---------------------------------------------------

PriceBenchmark.'SignalR CalculatePrice': DefaultJob [ConcurrentRequests=50]
Runtime = .NET 8.0.8 (8.0.824.36612), X64 RyuJIT AVX2; GC = Concurrent Workstation
Mean = 128.823 ms, StdErr = 0.691 ms (0.54%), N = 33, StdDev = 3.967 ms
Min = 121.134 ms, Q1 = 125.635 ms, Median = 129.126 ms, Q3 = 130.825 ms, Max = 138.593 ms
IQR = 5.191 ms, LowerFence = 117.849 ms, UpperFence = 138.611 ms
ConfidenceInterval = [126.321 ms; 131.324 ms] (CI 99.9%), Margin = 2.501 ms (1.94% of Mean)
Skewness = 0.32, Kurtosis = 2.65, MValue = 2
-------------------- Histogram --------------------
[120.383 ms ; 123.591 ms) | @@
[123.591 ms ; 126.838 ms) | @@@@@@@@@@@
[126.838 ms ; 131.723 ms) | @@@@@@@@@@@@@@
[131.723 ms ; 136.557 ms) | @@@@@
[136.557 ms ; 140.217 ms) | @
---------------------------------------------------

PriceBenchmark.'WebSocket CalculatePrice': DefaultJob [ConcurrentRequests=50]
Runtime = .NET 8.0.8 (8.0.824.36612), X64 RyuJIT AVX2; GC = Concurrent Workstation
Mean = 32.579 ms, StdErr = 0.129 ms (0.39%), N = 13, StdDev = 0.464 ms
Min = 31.652 ms, Q1 = 32.411 ms, Median = 32.772 ms, Q3 = 32.881 ms, Max = 33.156 ms
IQR = 0.469 ms, LowerFence = 31.707 ms, UpperFence = 33.584 ms
ConfidenceInterval = [32.023 ms; 33.134 ms] (CI 99.9%), Margin = 0.556 ms (1.71% of Mean)
Skewness = -0.91, Kurtosis = 2.51, MValue = 2
-------------------- Histogram --------------------
[31.393 ms ; 32.433 ms) | @@@@
[32.433 ms ; 33.415 ms) | @@@@@@@@@
---------------------------------------------------

PriceBenchmark.'REST CalculatePrice': DefaultJob [ConcurrentRequests=100]
Runtime = .NET 8.0.8 (8.0.824.36612), X64 RyuJIT AVX2; GC = Concurrent Workstation
Mean = 2.146 ms, StdErr = 0.018 ms (0.83%), N = 100, StdDev = 0.177 ms
Min = 1.646 ms, Q1 = 2.058 ms, Median = 2.199 ms, Q3 = 2.237 ms, Max = 2.501 ms
IQR = 0.179 ms, LowerFence = 1.789 ms, UpperFence = 2.506 ms
ConfidenceInterval = [2.086 ms; 2.206 ms] (CI 99.9%), Margin = 0.060 ms (2.80% of Mean)
Skewness = -0.97, Kurtosis = 4.35, MValue = 2.58
-------------------- Histogram --------------------
[1.621 ms ; 1.721 ms) | @@@@@@@
[1.721 ms ; 1.821 ms) | 
[1.821 ms ; 1.880 ms) | 
[1.880 ms ; 1.972 ms) | @@@
[1.972 ms ; 2.072 ms) | @@@@@@@@@@@@@@@@@@@
[2.072 ms ; 2.164 ms) | @@@@@@@@@
[2.164 ms ; 2.264 ms) | @@@@@@@@@@@@@@@@@@@@@@@@@@@@@@@@@@@@@@@@@@@@@@@
[2.264 ms ; 2.377 ms) | @@@@@@@@@@
[2.377 ms ; 2.505 ms) | @@@@@
---------------------------------------------------

PriceBenchmark.'GraphQL CalculatePrice': DefaultJob [ConcurrentRequests=100]
Runtime = .NET 8.0.8 (8.0.824.36612), X64 RyuJIT AVX2; GC = Concurrent Workstation
Mean = 3.114 ms, StdErr = 0.018 ms (0.57%), N = 58, StdDev = 0.135 ms
Min = 2.746 ms, Q1 = 3.092 ms, Median = 3.122 ms, Q3 = 3.192 ms, Max = 3.334 ms
IQR = 0.100 ms, LowerFence = 2.942 ms, UpperFence = 3.341 ms
ConfidenceInterval = [3.052 ms; 3.175 ms] (CI 99.9%), Margin = 0.061 ms (1.97% of Mean)
Skewness = -1.17, Kurtosis = 4.11, MValue = 2
-------------------- Histogram --------------------
[2.740 ms ; 2.831 ms) | @@@@@@
[2.831 ms ; 2.915 ms) | @
[2.915 ms ; 2.990 ms) | 
[2.990 ms ; 3.072 ms) | @@
[3.072 ms ; 3.163 ms) | @@@@@@@@@@@@@@@@@@@@@@@@@@@@@@
[3.163 ms ; 3.256 ms) | @@@@@@@@@@@@@
[3.256 ms ; 3.348 ms) | @@@@@@
---------------------------------------------------

PriceBenchmark.'SignalR CalculatePrice': DefaultJob [ConcurrentRequests=100]
Runtime = .NET 8.0.8 (8.0.824.36612), X64 RyuJIT AVX2; GC = Concurrent Workstation
Mean = 251.172 ms, StdErr = 1.392 ms (0.55%), N = 40, StdDev = 8.806 ms
Min = 238.757 ms, Q1 = 243.993 ms, Median = 248.103 ms, Q3 = 257.167 ms, Max = 272.080 ms
IQR = 13.174 ms, LowerFence = 224.231 ms, UpperFence = 276.928 ms
ConfidenceInterval = [246.218 ms; 256.126 ms] (CI 99.9%), Margin = 4.954 ms (1.97% of Mean)
Skewness = 0.61, Kurtosis = 2.43, MValue = 2.94
-------------------- Histogram --------------------
[235.377 ms ; 241.415 ms) | @@@@
[241.415 ms ; 248.174 ms) | @@@@@@@@@@@@@@@@@
[248.174 ms ; 255.675 ms) | @@@@
[255.675 ms ; 266.212 ms) | @@@@@@@@@@@@
[266.212 ms ; 272.971 ms) | @@@
---------------------------------------------------

PriceBenchmark.'WebSocket CalculatePrice': DefaultJob [ConcurrentRequests=100]
Runtime = .NET 8.0.8 (8.0.824.36612), X64 RyuJIT AVX2; GC = Concurrent Workstation
Mean = 64.259 ms, StdErr = 0.331 ms (0.52%), N = 25, StdDev = 1.657 ms
Min = 60.418 ms, Q1 = 63.559 ms, Median = 64.738 ms, Q3 = 65.323 ms, Max = 67.098 ms
IQR = 1.764 ms, LowerFence = 60.913 ms, UpperFence = 67.970 ms
ConfidenceInterval = [63.017 ms; 65.500 ms] (CI 99.9%), Margin = 1.241 ms (1.93% of Mean)
Skewness = -0.82, Kurtosis = 3.04, MValue = 2
-------------------- Histogram --------------------
[60.043 ms ; 61.530 ms) | @@@
[61.530 ms ; 62.779 ms) | @
[62.779 ms ; 64.127 ms) | @@@@
[64.127 ms ; 65.615 ms) | @@@@@@@@@@@@@@
[65.615 ms ; 67.132 ms) | @@@
---------------------------------------------------

PriceBenchmark.'REST CalculatePrice': DefaultJob [ConcurrentRequests=200]
Runtime = .NET 8.0.8 (8.0.824.36612), X64 RyuJIT AVX2; GC = Concurrent Workstation
Mean = 4.213 ms, StdErr = 0.025 ms (0.60%), N = 98, StdDev = 0.248 ms
Min = 3.711 ms, Q1 = 4.068 ms, Median = 4.178 ms, Q3 = 4.400 ms, Max = 4.767 ms
IQR = 0.332 ms, LowerFence = 3.570 ms, UpperFence = 4.898 ms
ConfidenceInterval = [4.128 ms; 4.298 ms] (CI 99.9%), Margin = 0.085 ms (2.02% of Mean)
Skewness = 0.07, Kurtosis = 2.48, MValue = 2.25
-------------------- Histogram --------------------
[3.640 ms ; 3.739 ms) | @@
[3.739 ms ; 3.880 ms) | @@@@@@@@@@
[3.880 ms ; 4.041 ms) | @@@@@@
[4.041 ms ; 4.182 ms) | @@@@@@@@@@@@@@@@@@@@@@@@@@@@@@@@
[4.182 ms ; 4.380 ms) | @@@@@@@@@@@@@@@@@@@@@@
[4.380 ms ; 4.538 ms) | @@@@@@@@@@@@@@@@
[4.538 ms ; 4.682 ms) | @@@@@@@
[4.682 ms ; 4.837 ms) | @@@
---------------------------------------------------

PriceBenchmark.'GraphQL CalculatePrice': DefaultJob [ConcurrentRequests=200]
Runtime = .NET 8.0.8 (8.0.824.36612), X64 RyuJIT AVX2; GC = Concurrent Workstation
Mean = 6.114 ms, StdErr = 0.032 ms (0.52%), N = 24, StdDev = 0.156 ms
Min = 5.874 ms, Q1 = 5.993 ms, Median = 6.043 ms, Q3 = 6.257 ms, Max = 6.424 ms
IQR = 0.264 ms, LowerFence = 5.597 ms, UpperFence = 6.652 ms
ConfidenceInterval = [5.994 ms; 6.233 ms] (CI 99.9%), Margin = 0.120 ms (1.96% of Mean)
Skewness = 0.33, Kurtosis = 1.64, MValue = 2.83
-------------------- Histogram --------------------
[5.873 ms ; 6.056 ms) | @@@@@@@@@@@@
[6.056 ms ; 6.212 ms) | @@@
[6.212 ms ; 6.353 ms) | @@@@@@@@
[6.353 ms ; 6.495 ms) | @
---------------------------------------------------

PriceBenchmark.'SignalR CalculatePrice': DefaultJob [ConcurrentRequests=200]
Runtime = .NET 8.0.8 (8.0.824.36612), X64 RyuJIT AVX2; GC = Concurrent Workstation
Mean = 502.021 ms, StdErr = 2.383 ms (0.47%), N = 15, StdDev = 9.229 ms
Min = 483.483 ms, Q1 = 495.037 ms, Median = 504.668 ms, Q3 = 506.604 ms, Max = 520.195 ms
IQR = 11.567 ms, LowerFence = 477.687 ms, UpperFence = 523.954 ms
ConfidenceInterval = [492.155 ms; 511.887 ms] (CI 99.9%), Margin = 9.866 ms (1.97% of Mean)
Skewness = -0.21, Kurtosis = 2.49, MValue = 2
-------------------- Histogram --------------------
[478.572 ms ; 497.299 ms) | @@@@@
[497.299 ms ; 511.926 ms) | @@@@@@@@@
[511.926 ms ; 525.106 ms) | @
---------------------------------------------------

PriceBenchmark.'WebSocket CalculatePrice': DefaultJob [ConcurrentRequests=200]
Runtime = .NET 8.0.8 (8.0.824.36612), X64 RyuJIT AVX2; GC = Concurrent Workstation
Mean = 123.016 ms, StdErr = 0.363 ms (0.30%), N = 14, StdDev = 1.359 ms
Min = 120.803 ms, Q1 = 122.182 ms, Median = 122.999 ms, Q3 = 123.724 ms, Max = 125.835 ms
IQR = 1.543 ms, LowerFence = 119.867 ms, UpperFence = 126.038 ms
ConfidenceInterval = [121.483 ms; 124.549 ms] (CI 99.9%), Margin = 1.533 ms (1.25% of Mean)
Skewness = 0.21, Kurtosis = 2.34, MValue = 2
-------------------- Histogram --------------------
[120.062 ms ; 126.575 ms) | @@@@@@@@@@@@@@
---------------------------------------------------

// * Summary *

BenchmarkDotNet v0.14.0, Windows 11 (10.0.26100.3775)
12th Gen Intel Core i7-12700H, 1 CPU, 20 logical and 14 physical cores
.NET SDK 8.0.400
  [Host]     : .NET 8.0.8 (8.0.824.36612), X64 RyuJIT AVX2
  DefaultJob : .NET 8.0.8 (8.0.824.36612), X64 RyuJIT AVX2


| Method                     | ConcurrentRequests | Mean       | Error     | StdDev    | Median     | Gen0     | Gen1     | Allocated  |
|--------------------------- |------------------- |-----------:|----------:|----------:|-----------:|---------:|---------:|-----------:|
| 'REST CalculatePrice'      | 50                 |   1.190 ms | 0.0468 ms | 0.1364 ms |   1.237 ms |  11.7188 |        - |  171.04 KB |
| 'GraphQL CalculatePrice'   | 50                 |   1.641 ms | 0.0454 ms | 0.1317 ms |   1.650 ms |  15.6250 |        - |  198.31 KB |
| 'SignalR CalculatePrice'   | 50                 | 128.823 ms | 2.5014 ms | 3.9675 ms | 129.126 ms |        - |        - |  168.16 KB |
| 'WebSocket CalculatePrice' | 50                 |  32.579 ms | 0.5555 ms | 0.4639 ms |  32.772 ms |  83.3333 |        - | 1227.62 KB |
| 'REST CalculatePrice'      | 100                |   2.146 ms | 0.0601 ms | 0.1771 ms |   2.199 ms |  27.3438 |        - |  342.01 KB |
| 'GraphQL CalculatePrice'   | 100                |   3.114 ms | 0.0614 ms | 0.1348 ms |   3.122 ms |  31.2500 |        - |  409.84 KB |
| 'SignalR CalculatePrice'   | 100                | 251.172 ms | 4.9541 ms | 8.8059 ms | 248.103 ms |        - |        - |  333.09 KB |
| 'WebSocket CalculatePrice' | 100                |  64.259 ms | 1.2414 ms | 1.6572 ms |  64.738 ms | 250.0000 | 125.0000 | 2427.24 KB |
| 'REST CalculatePrice'      | 200                |   4.213 ms | 0.0851 ms | 0.2484 ms |   4.178 ms |  54.6875 |   3.9063 |  683.21 KB |
| 'GraphQL CalculatePrice'   | 200                |   6.114 ms | 0.1197 ms | 0.1556 ms |   6.043 ms |  62.5000 |   7.8125 |   787.8 KB |
| 'SignalR CalculatePrice'   | 200                | 502.021 ms | 9.8662 ms | 9.2288 ms | 504.668 ms |        - |        - |  665.35 KB |
| 'WebSocket CalculatePrice' | 200                | 123.016 ms | 1.5330 ms | 1.3590 ms | 122.999 ms | 400.0000 | 200.0000 | 4840.31 KB |

// * Warnings *
MultimodalDistribution
  PriceBenchmark.'SignalR CalculatePrice': Default -> It seems that the distribution can have several modes (mValue = 2.94)
  PriceBenchmark.'GraphQL CalculatePrice': Default -> It seems that the distribution can have several modes (mValue = 2.83)

// * Hints *
Outliers
  PriceBenchmark.'REST CalculatePrice': Default      -> 2 outliers were removed, 19 outliers were detected (871.30 μs..966.87 μs, 1.44 ms, 1.71 ms)
  PriceBenchmark.'GraphQL CalculatePrice': Default   -> 3 outliers were removed, 12 outliers were detected (1.27 ms..1.35 ms, 1.92 ms..2.06 ms)
  PriceBenchmark.'SignalR CalculatePrice': Default   -> 2 outliers were removed (144.15 ms, 149.65 ms)
  PriceBenchmark.'WebSocket CalculatePrice': Default -> 2 outliers were removed, 4 outliers were detected (31.65 ms, 31.70 ms, 34.45 ms, 34.75 ms)
  PriceBenchmark.'REST CalculatePrice': Default      -> 7 outliers were detected (1.65 ms..1.70 ms)
  PriceBenchmark.'GraphQL CalculatePrice': Default   -> 3 outliers were removed, 10 outliers were detected (2.75 ms..2.87 ms, 3.39 ms..3.46 ms)
  PriceBenchmark.'WebSocket CalculatePrice': Default -> 2 outliers were detected (60.42 ms, 60.77 ms)
  PriceBenchmark.'REST CalculatePrice': Default      -> 2 outliers were removed (4.93 ms, 4.95 ms)
  PriceBenchmark.'SignalR CalculatePrice': Default   -> 1 outlier  was  removed (530.67 ms)
  PriceBenchmark.'WebSocket CalculatePrice': Default -> 1 outlier  was  removed (126.75 ms)

// * Legends *
  ConcurrentRequests : Value of the 'ConcurrentRequests' parameter
  Mean               : Arithmetic mean of all measurements
  Error              : Half of 99.9% confidence interval
  StdDev             : Standard deviation of all measurements
  Median             : Value separating the higher half of all measurements (50th percentile)
  Gen0               : GC Generation 0 collects per 1000 operations
  Gen1               : GC Generation 1 collects per 1000 operations
  Allocated          : Allocated memory per single operation (managed only, inclusive, 1KB = 1024B)
  1 ms               : 1 Millisecond (0.001 sec)

// * Diagnostic Output - MemoryDiagnoser *


// ***** BenchmarkRunner: End *****
Run time: 00:07:19 (439.04 sec), executed benchmarks: 12

Global total time: 00:07:28 (448.17 sec), executed benchmarks: 12
// * Artifacts cleanup *
Artifacts cleanup is finished
